timestamp,value
14/02/2020 14:30,1.732
14/02/2020 14:35,1.732
14/02/2020 14:40,1.96
14/02/2020 14:45,1.732
14/02/2020 14:50,1.706
14/02/2020 14:55,1.734
14/02/2020 15:00,1.766
14/02/2020 15:05,1.766
14/02/2020 15:10,2.026
14/02/2020 15:15,1.762
14/02/2020 15:20,1.704
14/02/2020 15:25,1.834
14/02/2020 15:30,1.832
14/02/2020 15:35,1.826
14/02/2020 15:40,1.908
14/02/2020 15:45,1.798
14/02/2020 15:50,1.732
14/02/2020 15:55,1.802
14/02/2020 16:00,1.764
14/02/2020 16:05,1.86
14/02/2020 16:10,1.998
14/02/2020 16:15,1.772
14/02/2020 16:20,1.734
14/02/2020 16:25,1.766
14/02/2020 16:30,1.76
14/02/2020 16:35,1.738
14/02/2020 16:40,1.93
14/02/2020 16:45,1.8
14/02/2020 16:50,1.732
14/02/2020 16:55,1.766
14/02/2020 17:00,1.798
14/02/2020 17:05,1.8
14/02/2020 17:10,1.99
14/02/2020 17:15,1.738
14/02/2020 17:20,1.76
14/02/2020 17:25,1.772
14/02/2020 17:30,1.764
14/02/2020 17:35,1.732
14/02/2020 17:40,2
14/02/2020 17:45,1.7
14/02/2020 17:50,1.798
14/02/2020 17:55,1.732
14/02/2020 18:00,1.764
14/02/2020 18:05,1.762
14/02/2020 18:10,1.97
14/02/2020 18:15,1.728
14/02/2020 18:20,1.806
14/02/2020 18:25,1.8
14/02/2020 18:30,1.86
14/02/2020 18:35,1.738
14/02/2020 18:40,1.992
14/02/2020 18:45,1.702
14/02/2020 18:50,1.766
14/02/2020 18:55,1.76
14/02/2020 19:00,1.832
14/02/2020 19:05,1.774
14/02/2020 19:10,1.998
14/02/2020 19:15,1.792
14/02/2020 19:20,1.798
14/02/2020 19:25,1.838
14/02/2020 19:30,1.798
14/02/2020 19:35,1.764
14/02/2020 19:40,2.032
14/02/2020 19:45,1.83
14/02/2020 19:50,1.766
14/02/2020 19:55,1.954
14/02/2020 20:00,1.702
14/02/2020 20:05,1.866
14/02/2020 20:10,1.966
14/02/2020 20:15,1.83
14/02/2020 20:20,1.76
14/02/2020 20:25,1.836
14/02/2020 20:30,1.766
14/02/2020 20:35,1.826
14/02/2020 20:40,1.904
14/02/2020 20:45,1.83
14/02/2020 20:50,1.732
14/02/2020 20:55,1.826
14/02/2020 21:00,1.704
14/02/2020 21:05,1.766
14/02/2020 21:10,1.958
14/02/2020 21:15,1.764
14/02/2020 21:20,1.768
14/02/2020 21:25,1.772
14/02/2020 21:30,1.788
14/02/2020 21:35,1.67
14/02/2020 21:40,1.866
14/02/2020 21:45,1.732
14/02/2020 21:50,1.726
14/02/2020 21:55,1.706
14/02/2020 22:00,1.834
14/02/2020 22:05,1.734
14/02/2020 22:10,1.968
14/02/2020 22:15,1.966
14/02/2020 22:20,2.058
14/02/2020 22:25,1.838
14/02/2020 22:30,1.966
14/02/2020 22:35,1.932
14/02/2020 22:40,2.162
14/02/2020 22:45,1.926
14/02/2020 22:50,1.968
14/02/2020 22:55,1.932
14/02/2020 23:00,2.006
14/02/2020 23:05,1.992
14/02/2020 23:10,2.034
14/02/2020 23:15,1.704
14/02/2020 23:20,1.834
14/02/2020 23:25,1.732
14/02/2020 23:30,1.824
14/02/2020 23:35,1.704
14/02/2020 23:40,1.966
14/02/2020 23:45,1.766
14/02/2020 23:50,1.8
14/02/2020 23:55,1.764
15/02/2020 00:00,1.858
15/02/2020 00:05,1.84
15/02/2020 00:10,2
15/02/2020 00:15,1.8
15/02/2020 00:20,1.76
15/02/2020 00:25,1.806
15/02/2020 00:30,1.766
15/02/2020 00:35,1.8
15/02/2020 00:40,1.966
15/02/2020 00:45,1.796
15/02/2020 00:50,1.798
15/02/2020 00:55,1.794
15/02/2020 01:00,1.84
15/02/2020 01:05,1.766
15/02/2020 01:10,1.962
15/02/2020 01:15,1.766
15/02/2020 01:20,1.756
15/02/2020 01:25,1.738
15/02/2020 01:30,1.728
15/02/2020 01:35,1.832
15/02/2020 01:40,2
15/02/2020 01:45,1.7
15/02/2020 01:50,1.774
15/02/2020 01:55,1.8
15/02/2020 02:00,1.732
15/02/2020 02:05,1.8
15/02/2020 02:10,2.06
15/02/2020 02:15,1.798
15/02/2020 02:20,1.764
15/02/2020 02:25,1.67
15/02/2020 02:30,1.86
15/02/2020 02:35,1.83
15/02/2020 02:40,1.942
15/02/2020 02:45,1.766
15/02/2020 02:50,1.766
15/02/2020 02:55,1.76
15/02/2020 03:00,1.838
15/02/2020 03:05,1.86
15/02/2020 03:10,1.904
15/02/2020 03:15,1.762
15/02/2020 03:20,1.86
15/02/2020 03:25,1.738
15/02/2020 03:30,2.466
15/02/2020 03:35,1.8
15/02/2020 03:40,1.966
15/02/2020 03:45,1.734
15/02/2020 03:50,1.798
15/02/2020 03:55,1.76
15/02/2020 04:00,1.77
15/02/2020 04:05,1.826
15/02/2020 04:10,1.94
15/02/2020 04:15,1.766
15/02/2020 04:20,1.8
15/02/2020 04:25,1.794
15/02/2020 04:30,1.798
15/02/2020 04:35,1.772
15/02/2020 04:40,2.032
15/02/2020 04:45,1.798
15/02/2020 04:50,1.832
15/02/2020 04:55,1.796
15/02/2020 05:00,1.798
15/02/2020 05:05,1.792
15/02/2020 05:10,2.102
15/02/2020 05:15,1.738
15/02/2020 05:20,1.768
15/02/2020 05:25,1.888
15/02/2020 05:30,1.702
15/02/2020 05:35,1.958
15/02/2020 05:40,1.866
15/02/2020 05:45,1.734
15/02/2020 05:50,1.766
15/02/2020 05:55,1.824
15/02/2020 06:00,1.738
15/02/2020 06:05,1.792
15/02/2020 06:10,2.036
15/02/2020 06:15,1.73
15/02/2020 06:20,1.738
15/02/2020 06:25,1.794
15/02/2020 06:30,1.738
15/02/2020 06:35,1.796
15/02/2020 06:40,1.926
15/02/2020 06:45,1.866
15/02/2020 06:50,1.732
15/02/2020 06:55,1.8
15/02/2020 07:00,1.772
15/02/2020 07:05,1.89
15/02/2020 07:10,1.9
15/02/2020 07:15,1.8
15/02/2020 07:20,1.768
15/02/2020 07:25,1.858
15/02/2020 07:30,1.738
15/02/2020 07:35,1.8
15/02/2020 07:40,1.962
15/02/2020 07:45,1.824
15/02/2020 07:50,1.772
15/02/2020 07:55,1.766
15/02/2020 08:00,1.832
15/02/2020 08:05,1.822
15/02/2020 08:10,1.938
15/02/2020 08:15,1.792
15/02/2020 08:20,1.83
15/02/2020 08:25,1.704
15/02/2020 08:30,1.8
15/02/2020 08:35,1.76
15/02/2020 08:40,2.008
15/02/2020 08:45,1.76
15/02/2020 08:50,1.802
15/02/2020 08:55,1.756
15/02/2020 09:00,1.838
15/02/2020 09:05,1.768
15/02/2020 09:10,2.026
15/02/2020 09:15,1.798
15/02/2020 09:20,1.764
15/02/2020 09:25,1.774
15/02/2020 09:30,1.858
15/02/2020 09:35,1.73
15/02/2020 09:40,1.872
15/02/2020 09:45,1.758
15/02/2020 09:50,1.828
15/02/2020 09:55,2.098
15/02/2020 10:00,1.706
15/02/2020 10:05,1.858
15/02/2020 10:10,1.874
15/02/2020 10:15,1.764
15/02/2020 10:20,1.76
15/02/2020 10:25,1.706
15/02/2020 10:30,1.766
15/02/2020 10:35,1.792
15/02/2020 10:40,1.876
15/02/2020 10:45,1.792
15/02/2020 10:50,1.706
15/02/2020 10:55,1.86
15/02/2020 11:00,1.732
15/02/2020 11:05,1.764
15/02/2020 11:10,1.976
15/02/2020 11:15,1.892
15/02/2020 11:20,1.636
15/02/2020 11:25,1.794
15/02/2020 11:30,1.736
15/02/2020 11:35,1.76
15/02/2020 11:40,1.934
15/02/2020 11:45,1.83
15/02/2020 11:50,1.726
15/02/2020 11:55,1.772
15/02/2020 12:00,1.866
15/02/2020 12:05,1.766
15/02/2020 12:10,1.996
15/02/2020 12:15,1.8
15/02/2020 12:20,1.856
15/02/2020 12:25,1.704
15/02/2020 12:30,1.798
15/02/2020 12:35,1.764
15/02/2020 12:40,2.092
15/02/2020 12:45,1.698
15/02/2020 12:50,1.806
15/02/2020 12:55,1.768
15/02/2020 13:00,1.866
15/02/2020 13:05,1.798
15/02/2020 13:10,2.06
15/02/2020 13:15,1.77
15/02/2020 13:20,1.828
15/02/2020 13:25,1.772
15/02/2020 13:30,1.8
15/02/2020 13:35,1.794
15/02/2020 13:40,1.976
15/02/2020 13:45,1.826
15/02/2020 13:50,1.736
15/02/2020 13:55,1.792
15/02/2020 14:00,1.836
15/02/2020 14:05,1.764
15/02/2020 14:10,1.994
15/02/2020 14:15,1.84
15/02/2020 14:20,1.834
15/02/2020 14:25,1.798
15/02/2020 14:30,1.826
15/02/2020 14:35,1.772
15/02/2020 14:40,1.89
15/02/2020 14:45,1.8
15/02/2020 14:50,1.732
15/02/2020 14:55,1.762
15/02/2020 15:00,1.798
15/02/2020 15:05,1.766
15/02/2020 15:10,1.976
15/02/2020 15:15,1.83
15/02/2020 15:20,1.734
15/02/2020 15:25,1.798
15/02/2020 15:30,1.764
15/02/2020 15:35,1.83
15/02/2020 15:40,1.93
15/02/2020 15:45,1.86
15/02/2020 15:50,1.704
15/02/2020 15:55,1.798
15/02/2020 16:00,1.832
15/02/2020 16:05,1.798
15/02/2020 16:10,1.93
15/02/2020 16:15,1.766
15/02/2020 16:20,1.726
15/02/2020 16:25,1.828
15/02/2020 16:30,1.738
15/02/2020 16:35,1.732
15/02/2020 16:40,1.968
15/02/2020 16:45,1.734
15/02/2020 16:50,1.8
15/02/2020 16:55,1.79
15/02/2020 17:00,1.738
15/02/2020 17:05,1.86
15/02/2020 17:10,1.974
15/02/2020 17:15,1.73
15/02/2020 17:20,1.802
15/02/2020 17:25,1.76
15/02/2020 17:30,1.8
15/02/2020 17:35,1.774
15/02/2020 17:40,2.02
15/02/2020 17:45,1.736
15/02/2020 17:50,1.858
15/02/2020 17:55,1.736
15/02/2020 18:00,1.8
15/02/2020 18:05,1.766
15/02/2020 18:10,1.998
15/02/2020 18:15,1.794
15/02/2020 18:20,1.774
15/02/2020 18:25,1.8
15/02/2020 18:30,1.832
15/02/2020 18:35,1.732
15/02/2020 18:40,2.034
15/02/2020 18:45,1.732
15/02/2020 18:50,1.8
15/02/2020 18:55,1.766
15/02/2020 19:00,1.762
15/02/2020 19:05,1.772
15/02/2020 19:10,1.96
15/02/2020 19:15,1.804
15/02/2020 19:20,1.89
15/02/2020 19:25,1.67
15/02/2020 19:30,1.76
15/02/2020 19:35,1.774
15/02/2020 19:40,1.966
15/02/2020 19:45,1.8
15/02/2020 19:50,1.7
15/02/2020 19:55,1.766
15/02/2020 20:00,1.792
15/02/2020 20:05,1.9
15/02/2020 20:10,1.908
15/02/2020 20:15,1.79
15/02/2020 20:20,1.734
15/02/2020 20:25,1.798
15/02/2020 20:30,1.732
15/02/2020 20:35,1.704
15/02/2020 20:40,1.966
15/02/2020 20:45,1.824
15/02/2020 20:50,1.666
15/02/2020 20:55,1.772
15/02/2020 21:00,1.764
15/02/2020 21:05,1.798
15/02/2020 21:10,1.864
15/02/2020 21:15,1.764
15/02/2020 21:20,1.766
15/02/2020 21:25,1.732
15/02/2020 21:30,1.766
15/02/2020 21:35,1.892
15/02/2020 21:40,1.9
15/02/2020 21:45,1.736
15/02/2020 21:50,1.796
15/02/2020 21:55,1.758
15/02/2020 22:00,1.83
15/02/2020 22:05,1.77
15/02/2020 22:10,1.932
15/02/2020 22:15,1.732
15/02/2020 22:20,1.834
15/02/2020 22:25,1.698
15/02/2020 22:30,1.798
15/02/2020 22:35,1.724
15/02/2020 22:40,1.938
15/02/2020 22:45,1.73
15/02/2020 22:50,1.8
15/02/2020 22:55,1.732
15/02/2020 23:00,1.8
15/02/2020 23:05,1.768
15/02/2020 23:10,2.03
15/02/2020 23:15,1.834
15/02/2020 23:20,1.794
15/02/2020 23:25,1.74
15/02/2020 23:30,1.768
15/02/2020 23:35,1.732
15/02/2020 23:40,1.958
15/02/2020 23:45,1.738
15/02/2020 23:50,1.7
15/02/2020 23:55,1.86
16/02/2020 00:00,1.67
16/02/2020 00:05,1.792
16/02/2020 00:10,2.002
16/02/2020 00:15,1.83
16/02/2020 00:20,1.798
16/02/2020 00:25,1.736
16/02/2020 00:30,1.696
16/02/2020 00:35,1.8
16/02/2020 00:40,1.932
16/02/2020 00:45,1.8
16/02/2020 00:50,1.766
16/02/2020 00:55,1.832
16/02/2020 01:00,1.766
16/02/2020 01:05,1.864
16/02/2020 01:10,2
16/02/2020 01:15,1.834
16/02/2020 01:20,1.798
16/02/2020 01:25,1.834
16/02/2020 01:30,1.766
16/02/2020 01:35,1.892
16/02/2020 01:40,1.874
16/02/2020 01:45,1.768
16/02/2020 01:50,1.794
16/02/2020 01:55,1.772
16/02/2020 02:00,1.832
16/02/2020 02:05,1.792
16/02/2020 02:10,2.11
16/02/2020 02:15,1.8
16/02/2020 02:20,1.798
16/02/2020 02:25,1.766
16/02/2020 02:30,1.766
16/02/2020 02:35,1.792
16/02/2020 02:40,1.974
16/02/2020 02:45,1.758
16/02/2020 02:50,1.806
16/02/2020 02:55,1.764
16/02/2020 03:00,1.866
16/02/2020 03:05,1.826
16/02/2020 03:10,1.938
16/02/2020 03:15,1.766
16/02/2020 03:20,1.8
16/02/2020 03:25,1.8
16/02/2020 03:30,1.9
16/02/2020 03:35,1.802
16/02/2020 03:40,2.57
16/02/2020 03:45,1.766
16/02/2020 03:50,1.76
16/02/2020 03:55,1.7
16/02/2020 04:00,1.828
16/02/2020 04:05,1.732
16/02/2020 04:10,2.09
16/02/2020 04:15,1.672
16/02/2020 04:20,1.734
16/02/2020 04:25,1.766
16/02/2020 04:30,1.76
16/02/2020 04:35,1.806
16/02/2020 04:40,2.028
16/02/2020 04:45,1.704
16/02/2020 04:50,1.734
16/02/2020 04:55,1.798
16/02/2020 05:00,1.86
16/02/2020 05:05,1.698
16/02/2020 05:10,1.942
16/02/2020 05:15,1.8
16/02/2020 05:20,1.766
16/02/2020 05:25,1.8
16/02/2020 05:30,1.732
16/02/2020 05:35,1.798
16/02/2020 05:40,1.9
16/02/2020 05:45,1.798
16/02/2020 05:50,1.734
16/02/2020 05:55,1.768
16/02/2020 06:00,1.766
16/02/2020 06:05,1.826
16/02/2020 06:10,1.906
16/02/2020 06:15,1.8
16/02/2020 06:20,1.826
16/02/2020 06:25,1.67
16/02/2020 06:30,1.764
16/02/2020 06:35,1.758
16/02/2020 06:40,1.942
16/02/2020 06:45,1.76
16/02/2020 06:50,1.834
16/02/2020 06:55,1.734
16/02/2020 07:00,1.84
16/02/2020 07:05,1.762
16/02/2020 07:10,2.006
16/02/2020 07:15,1.766
16/02/2020 07:20,1.832
16/02/2020 07:25,1.728
16/02/2020 07:30,1.804
16/02/2020 07:35,1.794
16/02/2020 07:40,1.972
16/02/2020 07:45,1.7
16/02/2020 07:50,1.832
16/02/2020 07:55,1.766
16/02/2020 08:00,1.798
16/02/2020 08:05,1.766
16/02/2020 08:10,2.022
16/02/2020 08:15,1.704
16/02/2020 08:20,1.766
16/02/2020 08:25,1.732
16/02/2020 08:30,1.8
16/02/2020 08:35,1.76
16/02/2020 08:40,2.002
16/02/2020 08:45,1.638
16/02/2020 08:50,1.766
16/02/2020 08:55,1.76
16/02/2020 09:00,1.7
16/02/2020 09:05,1.8
16/02/2020 09:10,1.908
16/02/2020 09:15,1.762
16/02/2020 09:20,1.738
16/02/2020 09:25,1.8
16/02/2020 09:30,1.7
16/02/2020 09:35,1.79
16/02/2020 09:40,1.898
16/02/2020 09:45,1.702
16/02/2020 09:50,1.694
16/02/2020 09:55,1.772
16/02/2020 10:00,1.8
16/02/2020 10:05,1.762
16/02/2020 10:10,1.908
16/02/2020 10:15,1.76
16/02/2020 10:20,1.732
16/02/2020 10:25,1.7
16/02/2020 10:30,1.766
16/02/2020 10:35,1.938
16/02/2020 10:40,1.9
16/02/2020 10:45,1.734
16/02/2020 10:50,1.7
16/02/2020 10:55,1.766
16/02/2020 11:00,1.728
16/02/2020 11:05,1.77
16/02/2020 11:10,1.898
16/02/2020 11:15,1.768
16/02/2020 11:20,1.732
16/02/2020 11:25,1.8
16/02/2020 11:30,1.76
16/02/2020 11:35,1.704
16/02/2020 11:40,1.964
16/02/2020 11:45,1.732
16/02/2020 11:50,1.828
16/02/2020 11:55,1.698
16/02/2020 12:00,1.806
16/02/2020 12:05,1.732
16/02/2020 12:10,1.966
16/02/2020 12:15,1.798
16/02/2020 12:20,1.834
16/02/2020 12:25,1.824
16/02/2020 12:30,1.736
16/02/2020 12:35,1.76
16/02/2020 12:40,1.96
16/02/2020 12:45,1.766
16/02/2020 12:50,1.8
16/02/2020 12:55,1.724
16/02/2020 13:00,1.84
16/02/2020 13:05,1.798
16/02/2020 13:10,2.06
16/02/2020 13:15,1.806
16/02/2020 13:20,1.826
16/02/2020 13:25,1.672
16/02/2020 13:30,1.766
16/02/2020 13:35,1.8
16/02/2020 13:40,1.956
16/02/2020 13:45,1.738
16/02/2020 13:50,1.766
16/02/2020 13:55,1.766
16/02/2020 14:00,1.766
16/02/2020 14:05,1.83
16/02/2020 14:10,1.966
16/02/2020 14:15,1.864
16/02/2020 14:20,1.766
16/02/2020 14:25,1.832
16/02/2020 14:30,1.8
16/02/2020 14:35,1.866
16/02/2020 14:40,1.964
16/02/2020 14:45,1.798
16/02/2020 14:50,1.732
16/02/2020 14:55,1.826
16/02/2020 15:00,1.83
16/02/2020 15:05,1.826
16/02/2020 15:10,1.942
16/02/2020 15:15,1.794
16/02/2020 15:20,1.766
16/02/2020 15:25,1.772
16/02/2020 15:30,1.728
16/02/2020 15:35,1.74
16/02/2020 15:40,1.926
16/02/2020 15:45,1.706
16/02/2020 15:50,1.766
16/02/2020 15:55,1.724
16/02/2020 16:00,1.738
16/02/2020 16:05,1.732
16/02/2020 16:10,2.09
16/02/2020 16:15,1.698
16/02/2020 16:20,1.74
16/02/2020 16:25,1.73
16/02/2020 16:30,1.698
16/02/2020 16:35,1.758
16/02/2020 16:40,1.94
16/02/2020 16:45,1.7
16/02/2020 16:50,1.756
16/02/2020 16:55,1.7
16/02/2020 17:00,1.768
16/02/2020 17:05,1.808
16/02/2020 17:10,2.062
16/02/2020 17:15,1.636
16/02/2020 17:20,1.792
16/02/2020 17:25,1.672
16/02/2020 17:30,1.792
16/02/2020 17:35,1.67
16/02/2020 17:40,1.994
16/02/2020 17:45,1.766
16/02/2020 17:50,1.774
16/02/2020 17:55,1.726
16/02/2020 18:00,1.8
16/02/2020 18:05,1.762
16/02/2020 18:10,1.974
16/02/2020 18:15,1.832
16/02/2020 18:20,1.766
16/02/2020 18:25,1.766
16/02/2020 18:30,1.76
16/02/2020 18:35,1.772
16/02/2020 18:40,1.934
16/02/2020 18:45,1.798
16/02/2020 18:50,1.76
16/02/2020 18:55,1.806
16/02/2020 19:00,1.766
16/02/2020 19:05,1.798
16/02/2020 19:10,1.964
16/02/2020 19:15,1.8
16/02/2020 19:20,1.834
16/02/2020 19:25,1.794
16/02/2020 19:30,1.704
16/02/2020 19:35,1.734
16/02/2020 19:40,1.958
16/02/2020 19:45,1.734
16/02/2020 19:50,1.728
16/02/2020 19:55,1.772
16/02/2020 20:00,1.732
16/02/2020 20:05,1.858
16/02/2020 20:10,1.9
16/02/2020 20:15,1.738
16/02/2020 20:20,1.798
16/02/2020 20:25,1.8
16/02/2020 20:30,1.732
16/02/2020 20:35,1.766
16/02/2020 20:40,1.968
16/02/2020 20:45,1.792
16/02/2020 20:50,1.772
16/02/2020 20:55,1.766
16/02/2020 21:00,1.898
16/02/2020 21:05,1.728
16/02/2020 21:10,2.01
16/02/2020 21:15,1.768
16/02/2020 21:20,1.866
16/02/2020 21:25,1.792
16/02/2020 21:30,1.772
16/02/2020 21:35,1.734
16/02/2020 21:40,2.026
16/02/2020 21:45,1.704
16/02/2020 21:50,1.798
16/02/2020 21:55,1.734
16/02/2020 22:00,1.86
16/02/2020 22:05,1.84
16/02/2020 22:10,1.968
16/02/2020 22:15,1.698
16/02/2020 22:20,1.832
16/02/2020 22:25,1.764
16/02/2020 22:30,1.824
16/02/2020 22:35,1.704
16/02/2020 22:40,2.024
16/02/2020 22:45,1.762
16/02/2020 22:50,1.772
16/02/2020 22:55,1.762
16/02/2020 23:00,1.806
16/02/2020 23:05,1.8
16/02/2020 23:10,1.964
16/02/2020 23:15,1.892
16/02/2020 23:20,1.806
16/02/2020 23:25,1.8
16/02/2020 23:30,1.766
16/02/2020 23:35,1.864
16/02/2020 23:40,1.998
16/02/2020 23:45,1.8
16/02/2020 23:50,1.834
16/02/2020 23:55,1.794
17/02/2020 00:00,1.764
17/02/2020 00:05,1.866
17/02/2020 00:10,1.992
17/02/2020 00:15,1.732
17/02/2020 00:20,1.672
17/02/2020 00:25,1.796
17/02/2020 00:30,1.7
17/02/2020 00:35,1.798
17/02/2020 00:40,1.964
17/02/2020 00:45,1.766
17/02/2020 00:50,1.732
17/02/2020 00:55,1.794
17/02/2020 01:00,1.766
17/02/2020 01:05,1.772
17/02/2020 01:10,1.964
17/02/2020 01:15,1.792
17/02/2020 01:20,1.706
17/02/2020 01:25,1.826
17/02/2020 01:30,1.706
17/02/2020 01:35,1.732
17/02/2020 01:40,2.066
17/02/2020 01:45,1.8
17/02/2020 01:50,1.824
17/02/2020 01:55,1.77
17/02/2020 02:00,1.832
17/02/2020 02:05,1.858
17/02/2020 02:10,2
17/02/2020 02:15,1.772
17/02/2020 02:20,1.8
17/02/2020 02:25,1.792
17/02/2020 02:30,1.768
17/02/2020 02:35,1.766
17/02/2020 02:40,1.992
17/02/2020 02:45,1.766
17/02/2020 02:50,1.772
17/02/2020 02:55,1.766
17/02/2020 03:00,1.832
17/02/2020 03:05,1.766
17/02/2020 03:10,2.032
17/02/2020 03:15,1.798
17/02/2020 03:20,1.8
17/02/2020 03:25,1.834
17/02/2020 03:30,1.868
17/02/2020 03:35,1.758
17/02/2020 03:40,1.976
17/02/2020 03:45,2.432
17/02/2020 03:50,1.8
17/02/2020 03:55,1.832
17/02/2020 04:00,1.83
17/02/2020 04:05,1.866
17/02/2020 04:10,2.094
17/02/2020 04:15,1.828
17/02/2020 04:20,1.772
17/02/2020 04:25,1.766
17/02/2020 04:30,1.8
17/02/2020 04:35,1.796
17/02/2020 04:40,1.934
17/02/2020 04:45,1.894
17/02/2020 04:50,1.766
17/02/2020 04:55,1.83
17/02/2020 05:00,1.738
17/02/2020 05:05,1.9
17/02/2020 05:10,2.028
17/02/2020 05:15,1.806
17/02/2020 05:20,1.766
17/02/2020 05:25,1.794
17/02/2020 05:30,1.806
17/02/2020 05:35,1.734
17/02/2020 05:40,1.896
17/02/2020 05:45,1.8
17/02/2020 05:50,1.73
17/02/2020 05:55,1.73
17/02/2020 06:00,1.8
17/02/2020 06:05,1.766
17/02/2020 06:10,1.996
17/02/2020 06:15,1.794
17/02/2020 06:20,1.798
17/02/2020 06:25,1.796
17/02/2020 06:30,1.738
17/02/2020 06:35,1.764
17/02/2020 06:40,2.056
17/02/2020 06:45,1.7
17/02/2020 06:50,1.838
17/02/2020 06:55,1.794
17/02/2020 07:00,1.8
17/02/2020 07:05,1.772
17/02/2020 07:10,2.03
17/02/2020 07:15,1.766
17/02/2020 07:20,1.834
17/02/2020 07:25,1.766
17/02/2020 07:30,1.86
17/02/2020 07:35,1.772
17/02/2020 07:40,1.992
17/02/2020 07:45,1.806
17/02/2020 07:50,1.8
17/02/2020 07:55,1.828
17/02/2020 08:00,1.806
17/02/2020 08:05,1.766
17/02/2020 08:10,1.992
17/02/2020 08:15,1.826
17/02/2020 08:20,1.74
17/02/2020 08:25,1.834
17/02/2020 08:30,1.734
17/02/2020 08:35,1.834
17/02/2020 08:40,2
17/02/2020 08:45,1.79
17/02/2020 08:50,1.766
17/02/2020 08:55,1.772
17/02/2020 09:00,1.732
17/02/2020 09:05,1.76
17/02/2020 09:10,1.934
17/02/2020 09:15,1.8
17/02/2020 09:20,1.732
17/02/2020 09:25,1.864
17/02/2020 09:30,1.704
17/02/2020 09:35,1.8
17/02/2020 09:40,1.994
17/02/2020 09:45,1.736
17/02/2020 09:50,1.73
17/02/2020 09:55,1.824
17/02/2020 10:00,1.738
17/02/2020 10:05,1.732
17/02/2020 10:10,1.994
17/02/2020 10:15,1.832
17/02/2020 10:20,1.698
17/02/2020 10:25,1.86
17/02/2020 10:30,1.63
17/02/2020 10:35,1.74
17/02/2020 10:40,1.966
17/02/2020 10:45,1.726
17/02/2020 10:50,1.806
17/02/2020 10:55,1.728
17/02/2020 11:00,1.8
17/02/2020 11:05,1.74
17/02/2020 11:10,1.99
17/02/2020 11:15,1.772
17/02/2020 11:20,1.8
17/02/2020 11:25,1.766
17/02/2020 11:30,1.8
17/02/2020 11:35,1.766
17/02/2020 11:40,2.034
17/02/2020 11:45,1.8
17/02/2020 11:50,1.828
17/02/2020 11:55,1.772
17/02/2020 12:00,1.862
17/02/2020 12:05,1.794
17/02/2020 12:10,1.976
17/02/2020 12:15,1.798
17/02/2020 12:20,1.834
17/02/2020 12:25,1.792
17/02/2020 12:30,1.74
17/02/2020 12:35,1.762
17/02/2020 12:40,2
17/02/2020 12:45,1.772
17/02/2020 12:50,1.8
17/02/2020 12:55,1.798
17/02/2020 13:00,1.766
17/02/2020 13:05,1.764
17/02/2020 13:10,2.024
17/02/2020 13:15,1.77
17/02/2020 13:20,1.76
17/02/2020 13:25,1.766
17/02/2020 13:30,1.738
17/02/2020 13:35,1.924
17/02/2020 13:40,1.836
17/02/2020 13:45,1.892
17/02/2020 13:50,1.666
17/02/2020 13:55,1.83
17/02/2020 14:00,1.83
17/02/2020 14:05,1.702
17/02/2020 14:10,2.06
17/02/2020 14:15,1.672
17/02/2020 14:20,1.86
17/02/2020 14:25,1.672
17/02/2020 14:30,1.766
17/02/2020 14:35,1.8
17/02/2020 14:40,1.932
17/02/2020 14:45,1.794
17/02/2020 14:50,1.772
17/02/2020 14:55,1.764
17/02/2020 15:00,1.89
17/02/2020 15:05,1.738
17/02/2020 15:10,1.992
17/02/2020 15:15,1.766
17/02/2020 15:20,1.864
17/02/2020 15:25,1.732
17/02/2020 15:30,1.8
17/02/2020 15:35,1.766
17/02/2020 15:40,1.994
17/02/2020 15:45,1.7
17/02/2020 15:50,1.8
17/02/2020 15:55,1.732
17/02/2020 16:00,1.794
17/02/2020 16:05,1.7
17/02/2020 16:10,2.098
17/02/2020 16:15,1.706
17/02/2020 16:20,1.834
17/02/2020 16:25,1.766
17/02/2020 16:30,1.76
17/02/2020 16:35,1.706
17/02/2020 16:40,2.026
17/02/2020 16:45,1.734
17/02/2020 16:50,1.74
17/02/2020 16:55,1.766
17/02/2020 17:00,1.86
17/02/2020 17:05,1.766
17/02/2020 17:10,2.04
17/02/2020 17:15,1.766
17/02/2020 17:20,1.8
17/02/2020 17:25,1.766
17/02/2020 17:30,1.834
17/02/2020 17:35,1.734
17/02/2020 17:40,1.966
17/02/2020 17:45,1.828
17/02/2020 17:50,1.734
17/02/2020 17:55,1.834
17/02/2020 18:00,1.734
17/02/2020 18:05,1.766
17/02/2020 18:10,1.94
17/02/2020 18:15,1.798
17/02/2020 18:20,1.726
17/02/2020 18:25,1.84
17/02/2020 18:30,1.766
17/02/2020 18:35,1.834
17/02/2020 18:40,1.934
17/02/2020 18:45,1.892
17/02/2020 18:50,1.672
17/02/2020 18:55,1.762
17/02/2020 19:00,1.772
17/02/2020 19:05,1.8
17/02/2020 19:10,1.966
17/02/2020 19:15,1.832
17/02/2020 19:20,1.832
17/02/2020 19:25,1.86
17/02/2020 19:30,1.738
17/02/2020 19:35,1.834
17/02/2020 19:40,1.962
17/02/2020 19:45,1.866
17/02/2020 19:50,1.734
17/02/2020 19:55,1.866
17/02/2020 20:00,1.772
17/02/2020 20:05,1.8
17/02/2020 20:10,2.034
17/02/2020 20:15,1.826
17/02/2020 20:20,1.772
17/02/2020 20:25,1.73
17/02/2020 20:30,1.834
17/02/2020 20:35,1.766
17/02/2020 20:40,2
17/02/2020 20:45,1.766
17/02/2020 20:50,1.8
17/02/2020 20:55,1.762
17/02/2020 21:00,1.922
17/02/2020 21:05,1.766
17/02/2020 21:10,2.002
17/02/2020 21:15,1.806
17/02/2020 21:20,1.8
17/02/2020 21:25,1.732
17/02/2020 21:30,1.834
17/02/2020 21:35,1.792
17/02/2020 21:40,1.938
17/02/2020 21:45,1.764
17/02/2020 21:50,1.96
17/02/2020 21:55,1.734
17/02/2020 22:00,1.706
17/02/2020 22:05,1.728
17/02/2020 22:10,1.976
17/02/2020 22:15,1.758
17/02/2020 22:20,1.706
17/02/2020 22:25,1.83
17/02/2020 22:30,1.766
17/02/2020 22:35,1.894
17/02/2020 22:40,1.942
17/02/2020 22:45,1.762
17/02/2020 22:50,1.734
17/02/2020 22:55,1.766
17/02/2020 23:00,1.8
17/02/2020 23:05,1.834
17/02/2020 23:10,1.992
17/02/2020 23:15,1.74
17/02/2020 23:20,1.766
17/02/2020 23:25,1.866
17/02/2020 23:30,1.764
17/02/2020 23:35,1.766
17/02/2020 23:40,1.966
17/02/2020 23:45,1.8
17/02/2020 23:50,1.8
17/02/2020 23:55,1.828
18/02/2020 00:00,1.766
18/02/2020 00:05,1.896
18/02/2020 00:10,1.96
18/02/2020 00:15,1.8
18/02/2020 00:20,1.734
18/02/2020 00:25,1.8
18/02/2020 00:30,1.766
18/02/2020 00:35,1.798
18/02/2020 00:40,2
18/02/2020 00:45,1.826
18/02/2020 00:50,1.77
18/02/2020 00:55,1.8
18/02/2020 01:00,1.866
18/02/2020 01:05,1.766
18/02/2020 01:10,2.192
18/02/2020 01:15,1.706
18/02/2020 01:20,1.834
18/02/2020 01:25,1.766
18/02/2020 01:30,1.834
18/02/2020 01:35,1.768
18/02/2020 01:40,1.998
18/02/2020 01:45,1.926
18/02/2020 01:50,1.67
18/02/2020 01:55,1.8
18/02/2020 02:00,1.834
18/02/2020 02:05,1.8
18/02/2020 02:10,2.064
18/02/2020 02:15,1.9
18/02/2020 02:20,1.99
18/02/2020 02:25,1.83
18/02/2020 02:30,1.874
18/02/2020 02:35,1.734
18/02/2020 02:40,1.996
18/02/2020 02:45,1.766
18/02/2020 02:50,1.8
18/02/2020 02:55,1.792
18/02/2020 03:00,1.736
18/02/2020 03:05,1.828
18/02/2020 03:10,2.042
18/02/2020 03:15,1.894
18/02/2020 03:20,2.238
18/02/2020 03:25,1.892
18/02/2020 03:30,1.698
18/02/2020 03:35,1.738
18/02/2020 03:40,1.926
18/02/2020 03:45,1.834
18/02/2020 03:50,1.7
18/02/2020 03:55,1.8
18/02/2020 04:00,1.738
18/02/2020 04:05,1.766
18/02/2020 04:10,2.018
18/02/2020 04:15,1.672
18/02/2020 04:20,1.766
18/02/2020 04:25,1.76
18/02/2020 04:30,1.74
18/02/2020 04:35,1.8
18/02/2020 04:40,1.934
18/02/2020 04:45,1.798
18/02/2020 04:50,1.76
18/02/2020 04:55,1.738
18/02/2020 05:00,1.766
18/02/2020 05:05,1.796
18/02/2020 05:10,1.924
18/02/2020 05:15,1.738
18/02/2020 05:20,1.794
18/02/2020 05:25,1.706
18/02/2020 05:30,1.8
18/02/2020 05:35,1.792
18/02/2020 05:40,1.932
18/02/2020 05:45,1.772
18/02/2020 05:50,1.8
18/02/2020 05:55,1.76
18/02/2020 06:00,1.84
18/02/2020 06:05,1.8
18/02/2020 06:10,2.026
18/02/2020 06:15,1.772
18/02/2020 06:20,1.798
18/02/2020 06:25,1.792
18/02/2020 06:30,1.772
18/02/2020 06:35,1.8
18/02/2020 06:40,2.034
18/02/2020 06:45,1.76
18/02/2020 06:50,1.772
18/02/2020 06:55,1.766
18/02/2020 07:00,1.8
18/02/2020 07:05,1.86
18/02/2020 07:10,1.908
18/02/2020 07:15,1.794
18/02/2020 07:20,1.738
18/02/2020 07:25,1.766
18/02/2020 07:30,1.8
18/02/2020 07:35,1.76
18/02/2020 07:40,1.942
18/02/2020 07:45,1.8
18/02/2020 07:50,1.726
18/02/2020 07:55,1.8
18/02/2020 08:00,1.806
18/02/2020 08:05,1.826
18/02/2020 08:10,1.902
18/02/2020 08:15,1.926
18/02/2020 08:20,1.636
18/02/2020 08:25,1.828
18/02/2020 08:30,1.738
18/02/2020 08:35,1.8
18/02/2020 08:40,1.966
18/02/2020 08:45,1.8
18/02/2020 08:50,1.766
18/02/2020 08:55,1.796
18/02/2020 09:00,1.86
18/02/2020 09:05,1.772
18/02/2020 09:10,1.966
18/02/2020 09:15,1.8
18/02/2020 09:20,1.792
18/02/2020 09:25,1.832
18/02/2020 09:30,1.706
18/02/2020 09:35,1.892
18/02/2020 09:40,1.968
18/02/2020 09:45,1.738
18/02/2020 09:50,1.758
18/02/2020 09:55,1.866
18/02/2020 10:00,1.832
18/02/2020 10:05,1.826
18/02/2020 10:10,1.9
18/02/2020 10:15,1.772
18/02/2020 10:20,1.832
18/02/2020 10:25,1.792
18/02/2020 10:30,1.802
18/02/2020 10:35,1.738
18/02/2020 10:40,2.026
18/02/2020 10:45,1.766
18/02/2020 10:50,1.806
18/02/2020 10:55,1.828
18/02/2020 11:00,1.772
18/02/2020 11:05,1.766
18/02/2020 11:10,2
18/02/2020 11:15,1.73
18/02/2020 11:20,1.794
18/02/2020 11:25,1.672
18/02/2020 11:30,1.766
18/02/2020 11:35,1.726
18/02/2020 11:40,1.938
18/02/2020 11:45,1.732
18/02/2020 11:50,1.734
18/02/2020 11:55,1.696
18/02/2020 12:00,1.8
18/02/2020 12:05,1.734
18/02/2020 12:10,1.99
18/02/2020 12:15,1.772
18/02/2020 12:20,1.794
18/02/2020 12:25,1.806
18/02/2020 12:30,1.8
18/02/2020 12:35,1.766
18/02/2020 12:40,1.966
18/02/2020 12:45,1.826
18/02/2020 12:50,1.706
18/02/2020 12:55,1.766
18/02/2020 13:00,1.8
18/02/2020 13:05,1.8
18/02/2020 13:10,1.934
18/02/2020 13:15,1.86
18/02/2020 13:20,1.764
18/02/2020 13:25,1.704
18/02/2020 13:30,1.826
18/02/2020 13:35,1.8
18/02/2020 13:40,1.966
18/02/2020 13:45,1.762
18/02/2020 13:50,1.806
18/02/2020 13:55,1.802
18/02/2020 14:00,1.794
18/02/2020 14:05,2.006
18/02/2020 14:10,2.226
18/02/2020 14:15,1.96
18/02/2020 14:20,1.898
18/02/2020 14:25,1.966
18/02/2020 14:30,1.836
18/02/2020 14:35,1.766
18/02/2020 14:40,1.966
18/02/2020 14:45,1.766
18/02/2020 14:50,1.798
18/02/2020 14:55,1.766
18/02/2020 15:00,1.892
18/02/2020 15:05,1.706
18/02/2020 15:10,1.994
18/02/2020 15:15,1.8
18/02/2020 15:20,1.8
18/02/2020 15:25,1.772
18/02/2020 15:30,1.9
18/02/2020 15:35,1.76
18/02/2020 15:40,1.972
18/02/2020 15:45,1.734
18/02/2020 15:50,1.732
18/02/2020 15:55,1.794
18/02/2020 16:00,1.734
18/02/2020 16:05,1.734
18/02/2020 16:10,1.968
18/02/2020 16:15,1.7
18/02/2020 16:20,1.838
18/02/2020 16:25,1.828
18/02/2020 16:30,1.7
18/02/2020 16:35,1.7
18/02/2020 16:40,1.97
18/02/2020 16:45,1.76
18/02/2020 16:50,1.798
18/02/2020 16:55,1.734
18/02/2020 17:00,1.668
18/02/2020 17:05,1.766
18/02/2020 17:10,1.926
18/02/2020 17:15,1.832
18/02/2020 17:20,1.666
18/02/2020 17:25,1.736
18/02/2020 17:30,1.794
18/02/2020 17:35,1.738
18/02/2020 17:40,1.966
18/02/2020 17:45,1.828
18/02/2020 17:50,1.666
18/02/2020 17:55,1.806
18/02/2020 18:00,1.798
18/02/2020 18:05,1.792
18/02/2020 18:10,1.906
18/02/2020 18:15,1.8
18/02/2020 18:20,1.766
18/02/2020 18:25,1.86
18/02/2020 18:30,1.764
18/02/2020 18:35,1.792
18/02/2020 18:40,1.97
18/02/2020 18:45,1.9
18/02/2020 18:50,1.766
18/02/2020 18:55,1.866
18/02/2020 19:00,1.772
18/02/2020 19:05,1.834
18/02/2020 19:10,1.926
18/02/2020 19:15,1.872
18/02/2020 19:20,1.824
18/02/2020 19:25,1.866
18/02/2020 19:30,1.764
18/02/2020 19:35,1.704
18/02/2020 19:40,2
18/02/2020 19:45,1.826
18/02/2020 19:50,1.738
18/02/2020 19:55,1.766
18/02/2020 20:00,1.828
18/02/2020 20:05,1.772
18/02/2020 20:10,1.958
18/02/2020 20:15,1.838
18/02/2020 20:20,1.896
18/02/2020 20:25,1.866
18/02/2020 20:30,2.09
18/02/2020 20:35,1.834
18/02/2020 20:40,2.14
18/02/2020 20:45,1.96
18/02/2020 20:50,1.974
18/02/2020 20:55,1.866
18/02/2020 21:00,1.8
18/02/2020 21:05,1.826
18/02/2020 21:10,1.94
18/02/2020 21:15,1.734
18/02/2020 21:20,1.826
18/02/2020 21:25,1.838
18/02/2020 21:30,1.8
18/02/2020 21:35,1.826
18/02/2020 21:40,2.036
18/02/2020 21:45,1.704
18/02/2020 21:50,1.766
18/02/2020 21:55,1.832
18/02/2020 22:00,1.826
18/02/2020 22:05,1.866
18/02/2020 22:10,2.07
18/02/2020 22:15,1.772
18/02/2020 22:20,1.862
18/02/2020 22:25,1.772
18/02/2020 22:30,1.766
18/02/2020 22:35,1.834
18/02/2020 22:40,1.966
18/02/2020 22:45,1.8
18/02/2020 22:50,1.766
18/02/2020 22:55,1.8
18/02/2020 23:00,1.828
18/02/2020 23:05,1.798
18/02/2020 23:10,1.994
18/02/2020 23:15,1.766
18/02/2020 23:20,1.806
18/02/2020 23:25,1.794
18/02/2020 23:30,1.706
18/02/2020 23:35,1.734
18/02/2020 23:40,1.966
18/02/2020 23:45,1.734
18/02/2020 23:50,1.734
18/02/2020 23:55,1.796
19/02/2020 00:00,1.766
19/02/2020 00:05,1.892
19/02/2020 00:10,1.904
19/02/2020 00:15,1.734
19/02/2020 00:20,1.83
19/02/2020 00:25,1.792
19/02/2020 00:30,1.732
19/02/2020 00:35,1.738
19/02/2020 00:40,1.966
19/02/2020 00:45,1.734
19/02/2020 00:50,1.794
19/02/2020 00:55,1.706
19/02/2020 01:00,1.834
19/02/2020 01:05,1.698
19/02/2020 01:10,1.994
19/02/2020 01:15,1.766
19/02/2020 01:20,1.86
19/02/2020 01:25,1.8
19/02/2020 01:30,1.772
19/02/2020 01:35,1.734
19/02/2020 01:40,1.996
19/02/2020 01:45,1.76
19/02/2020 01:50,1.832
19/02/2020 01:55,1.706
19/02/2020 02:00,1.832
19/02/2020 02:05,1.794
19/02/2020 02:10,2.07
19/02/2020 02:15,1.766
19/02/2020 02:20,1.8
19/02/2020 02:25,1.772
19/02/2020 02:30,1.766
19/02/2020 02:35,1.834
19/02/2020 02:40,1.934
19/02/2020 02:45,1.86
19/02/2020 02:50,1.706
19/02/2020 02:55,1.798
19/02/2020 03:00,1.798
19/02/2020 03:05,1.8
19/02/2020 03:10,2.026
19/02/2020 03:15,1.906
19/02/2020 03:20,1.798
19/02/2020 03:25,2.4
19/02/2020 03:30,1.826
19/02/2020 03:35,1.832
19/02/2020 03:40,1.874
19/02/2020 03:45,1.834
19/02/2020 03:50,1.766
19/02/2020 03:55,1.86
19/02/2020 04:00,1.704
19/02/2020 04:05,1.766
19/02/2020 04:10,1.93
19/02/2020 04:15,1.89
19/02/2020 04:20,1.704
19/02/2020 04:25,1.8
19/02/2020 04:30,1.86
19/02/2020 04:35,1.706
19/02/2020 04:40,1.964
19/02/2020 04:45,1.766
19/02/2020 04:50,1.858
19/02/2020 04:55,1.698
19/02/2020 05:00,1.768
19/02/2020 05:05,1.738
19/02/2020 05:10,2.028
19/02/2020 05:15,1.7
19/02/2020 05:20,1.738
19/02/2020 05:25,1.792
19/02/2020 05:30,1.706
19/02/2020 05:35,1.826
19/02/2020 05:40,1.966
19/02/2020 05:45,1.764
19/02/2020 05:50,1.736
19/02/2020 05:55,1.734
19/02/2020 06:00,1.766
19/02/2020 06:05,1.766
19/02/2020 06:10,1.966
19/02/2020 06:15,1.734
19/02/2020 06:20,1.8
19/02/2020 06:25,1.826
19/02/2020 06:30,1.772
19/02/2020 06:35,1.794
19/02/2020 06:40,1.972
19/02/2020 06:45,1.766
19/02/2020 06:50,1.824
19/02/2020 06:55,1.738
19/02/2020 07:00,1.766
19/02/2020 07:05,1.8
19/02/2020 07:10,1.966
19/02/2020 07:15,1.832
19/02/2020 07:20,1.792
19/02/2020 07:25,1.806
19/02/2020 07:30,1.766
19/02/2020 07:35,1.8
19/02/2020 07:40,1.966
19/02/2020 07:45,1.834
19/02/2020 07:50,1.76
19/02/2020 07:55,1.806
19/02/2020 08:00,1.926
19/02/2020 08:05,1.704
19/02/2020 08:10,1.966
19/02/2020 08:15,1.832
19/02/2020 08:20,1.794
19/02/2020 08:25,1.83
19/02/2020 08:30,1.772
19/02/2020 08:35,1.8
19/02/2020 08:40,1.966
19/02/2020 08:45,1.834
19/02/2020 08:50,1.766
19/02/2020 08:55,1.832
19/02/2020 09:00,1.79
19/02/2020 09:05,2.006
19/02/2020 09:10,1.958
19/02/2020 09:15,1.766
19/02/2020 09:20,1.74
19/02/2020 09:25,1.766
19/02/2020 09:30,1.8
19/02/2020 09:35,1.764
19/02/2020 09:40,2.03
19/02/2020 09:45,1.764
19/02/2020 09:50,1.798
19/02/2020 09:55,1.76
19/02/2020 10:00,1.8
19/02/2020 10:05,1.74
19/02/2020 10:10,2.02
19/02/2020 10:15,1.672
19/02/2020 10:20,1.794
19/02/2020 10:25,1.7
19/02/2020 10:30,1.8
19/02/2020 10:35,1.706
19/02/2020 10:40,1.962
19/02/2020 10:45,1.728
19/02/2020 10:50,1.772
19/02/2020 10:55,1.7
19/02/2020 11:00,1.892
19/02/2020 11:05,1.606
19/02/2020 11:10,1.934
19/02/2020 11:15,1.732
19/02/2020 11:20,1.764
19/02/2020 11:25,1.734
19/02/2020 11:30,1.794
19/02/2020 11:35,1.672
19/02/2020 11:40,1.928
19/02/2020 11:45,1.772
19/02/2020 11:50,1.732
19/02/2020 11:55,1.766
19/02/2020 12:00,1.79
19/02/2020 12:05,1.772
19/02/2020 12:10,1.934
19/02/2020 12:15,1.834
19/02/2020 12:20,1.76
19/02/2020 12:25,1.772
19/02/2020 12:30,1.766
19/02/2020 12:35,1.826
19/02/2020 12:40,1.938
19/02/2020 12:45,1.792
19/02/2020 12:50,1.804
19/02/2020 12:55,1.834
19/02/2020 13:00,1.8
19/02/2020 13:05,1.8
19/02/2020 13:10,1.996
19/02/2020 13:15,1.766
19/02/2020 13:20,1.824
19/02/2020 13:25,1.764
19/02/2020 13:30,1.738
19/02/2020 13:35,1.86
19/02/2020 13:40,1.938
19/02/2020 13:45,1.76
19/02/2020 13:50,1.766
19/02/2020 13:55,1.732
19/02/2020 14:00,1.866
19/02/2020 14:05,1.606
19/02/2020 14:10,1.996
19/02/2020 14:15,1.826
19/02/2020 14:20,1.732
19/02/2020 14:25,1.866
19/02/2020 14:30,1.738
19/02/2020 14:35,1.764
19/02/2020 14:40,1.96
19/02/2020 14:45,1.738
19/02/2020 14:50,1.766
19/02/2020 14:55,1.764
19/02/2020 15:00,1.766
19/02/2020 15:05,1.764
19/02/2020 15:10,2
19/02/2020 15:15,1.8
19/02/2020 15:20,1.76
19/02/2020 15:25,1.768
19/02/2020 15:30,1.766
19/02/2020 15:35,1.772
19/02/2020 15:40,2
19/02/2020 15:45,1.734
19/02/2020 15:50,1.826
19/02/2020 15:55,1.706
19/02/2020 16:00,1.8
19/02/2020 16:05,1.7
19/02/2020 16:10,2.056
19/02/2020 16:15,1.74
19/02/2020 16:20,1.766
19/02/2020 16:25,1.762
19/02/2020 16:30,1.732
19/02/2020 16:35,1.764
19/02/2020 16:40,1.93
19/02/2020 16:45,1.766
19/02/2020 16:50,1.764
19/02/2020 16:55,1.826
19/02/2020 17:00,1.772
19/02/2020 17:05,1.86
19/02/2020 17:10,2
19/02/2020 17:15,1.772
19/02/2020 17:20,1.76
19/02/2020 17:25,1.766
19/02/2020 17:30,1.806
19/02/2020 17:35,1.762
19/02/2020 17:40,1.94
19/02/2020 17:45,1.8
19/02/2020 17:50,1.76
19/02/2020 17:55,1.866
19/02/2020 18:00,1.738
19/02/2020 18:05,1.764
19/02/2020 18:10,1.964
19/02/2020 18:15,1.8
19/02/2020 18:20,1.766
19/02/2020 18:25,1.8
19/02/2020 18:30,1.766
19/02/2020 18:35,1.766
19/02/2020 18:40,1.934
19/02/2020 18:45,1.766
19/02/2020 18:50,1.892
19/02/2020 18:55,1.604
19/02/2020 19:00,1.86
19/02/2020 19:05,1.706
19/02/2020 19:10,2.058
19/02/2020 19:15,1.8
19/02/2020 19:20,1.872
19/02/2020 19:25,1.924
19/02/2020 19:30,1.972
19/02/2020 19:35,1.9
19/02/2020 19:40,2.16
19/02/2020 19:45,1.898
19/02/2020 19:50,1.964
19/02/2020 19:55,1.932
19/02/2020 20:00,1.966
19/02/2020 20:05,2.098
19/02/2020 20:10,2.1
19/02/2020 20:15,1.766
19/02/2020 20:20,1.86
19/02/2020 20:25,1.974
19/02/2020 20:30,1.992
19/02/2020 20:35,1.906
19/02/2020 20:40,2.16
19/02/2020 20:45,1.906
19/02/2020 20:50,1.998
19/02/2020 20:55,1.932
19/02/2020 21:00,2.034
19/02/2020 21:05,1.998
19/02/2020 21:10,2.224
19/02/2020 21:15,1.772
19/02/2020 21:20,1.766
19/02/2020 21:25,1.834
19/02/2020 21:30,1.762
19/02/2020 21:35,1.8
19/02/2020 21:40,1.94
19/02/2020 21:45,1.826
19/02/2020 21:50,1.832
19/02/2020 21:55,1.738
19/02/2020 22:00,1.766
19/02/2020 22:05,1.866
19/02/2020 22:10,1.964
19/02/2020 22:15,1.834
19/02/2020 22:20,1.734
19/02/2020 22:25,1.794
19/02/2020 22:30,1.732
19/02/2020 22:35,1.802
19/02/2020 22:40,1.928
19/02/2020 22:45,1.764
19/02/2020 22:50,1.67
19/02/2020 22:55,1.8
19/02/2020 23:00,1.732
19/02/2020 23:05,1.76
19/02/2020 23:10,1.874
19/02/2020 23:15,1.826
19/02/2020 23:20,1.67
19/02/2020 23:25,1.728
19/02/2020 23:30,1.892
19/02/2020 23:35,1.738
19/02/2020 23:40,2.054
19/02/2020 23:45,1.732
19/02/2020 23:50,1.832
19/02/2020 23:55,1.662
20/02/2020 00:00,1.872
20/02/2020 00:05,1.732
20/02/2020 00:10,1.996
20/02/2020 00:15,1.768
20/02/2020 00:20,1.76
20/02/2020 00:25,1.772
20/02/2020 00:30,1.8
20/02/2020 00:35,1.734
20/02/2020 00:40,2.034
20/02/2020 00:45,1.794
20/02/2020 00:50,1.8
20/02/2020 00:55,1.8
20/02/2020 01:00,1.772
20/02/2020 01:05,1.734
20/02/2020 01:10,2.034
20/02/2020 01:15,1.86
20/02/2020 01:20,1.806
20/02/2020 01:25,1.768
20/02/2020 01:30,1.834
20/02/2020 01:35,1.766
20/02/2020 01:40,2.03
20/02/2020 01:45,1.96
20/02/2020 01:50,1.638
20/02/2020 01:55,1.834
20/02/2020 02:00,1.8
20/02/2020 02:05,1.898
20/02/2020 02:10,2.034
20/02/2020 02:15,1.828
20/02/2020 02:20,1.8
20/02/2020 02:25,1.84
20/02/2020 02:30,1.826
20/02/2020 02:35,1.77
20/02/2020 02:40,1.966
20/02/2020 02:45,1.8
20/02/2020 02:50,1.798
20/02/2020 02:55,1.826
20/02/2020 03:00,1.7
20/02/2020 03:05,1.806
20/02/2020 03:10,2.656
20/02/2020 03:15,1.764
20/02/2020 03:20,1.734
20/02/2020 03:25,1.806
20/02/2020 03:30,1.826
20/02/2020 03:35,1.706
20/02/2020 03:40,1.932
20/02/2020 03:45,1.766
20/02/2020 03:50,1.76
20/02/2020 03:55,1.772
20/02/2020 04:00,1.8
20/02/2020 04:05,1.732
20/02/2020 04:10,2.026
20/02/2020 04:15,1.7
20/02/2020 04:20,1.808
20/02/2020 04:25,1.73
20/02/2020 04:30,1.824
20/02/2020 04:35,1.738
20/02/2020 04:40,2.058
20/02/2020 04:45,1.672
20/02/2020 04:50,1.794
20/02/2020 04:55,1.74
20/02/2020 05:00,1.8
20/02/2020 05:05,1.766
20/02/2020 05:10,1.996
20/02/2020 05:15,1.728
20/02/2020 05:20,1.834
20/02/2020 05:25,1.762
20/02/2020 05:30,1.798
20/02/2020 05:35,1.824
20/02/2020 05:40,1.942
20/02/2020 05:45,1.732
20/02/2020 05:50,1.8
20/02/2020 05:55,1.766
20/02/2020 06:00,1.798
20/02/2020 06:05,1.766
20/02/2020 06:10,1.966
20/02/2020 06:15,1.768
20/02/2020 06:20,1.824
20/02/2020 06:25,1.738
20/02/2020 06:30,1.766
20/02/2020 06:35,1.8
20/02/2020 06:40,2
20/02/2020 06:45,1.76
20/02/2020 06:50,1.772
20/02/2020 06:55,1.894
20/02/2020 07:00,1.8
20/02/2020 07:05,1.804
20/02/2020 07:10,1.994
20/02/2020 07:15,1.832
20/02/2020 07:20,1.766
20/02/2020 07:25,1.764
20/02/2020 07:30,1.764
20/02/2020 07:35,1.798
20/02/2020 07:40,1.932
20/02/2020 07:45,1.8
20/02/2020 07:50,1.732
20/02/2020 07:55,1.8
20/02/2020 08:00,1.798
20/02/2020 08:05,1.766
20/02/2020 08:10,1.93
20/02/2020 08:15,1.8
20/02/2020 08:20,1.734
20/02/2020 08:25,1.768
20/02/2020 08:30,1.732
20/02/2020 08:35,1.766
20/02/2020 08:40,1.934
20/02/2020 08:45,1.73
20/02/2020 08:50,1.8
20/02/2020 08:55,1.732
20/02/2020 09:00,1.832
20/02/2020 09:05,1.732
20/02/2020 09:10,1.964
20/02/2020 09:15,1.766
20/02/2020 09:20,1.8
20/02/2020 09:25,1.734
20/02/2020 09:30,1.8
20/02/2020 09:35,1.758
20/02/2020 09:40,2.002
20/02/2020 09:45,1.732
20/02/2020 09:50,1.772
20/02/2020 09:55,1.768
20/02/2020 10:00,1.826
20/02/2020 10:05,1.734
20/02/2020 10:10,1.976
20/02/2020 10:15,1.728
20/02/2020 10:20,1.804
20/02/2020 10:25,1.698
20/02/2020 10:30,1.8
20/02/2020 10:35,1.826
20/02/2020 10:40,1.874
20/02/2020 10:45,1.73
20/02/2020 10:50,1.794
20/02/2020 10:55,1.706
20/02/2020 11:00,1.764
20/02/2020 11:05,1.766
20/02/2020 11:10,2.034
20/02/2020 11:15,1.798
20/02/2020 11:20,1.732
20/02/2020 11:25,1.792
20/02/2020 11:30,1.764
20/02/2020 11:35,1.774
20/02/2020 11:40,1.93
20/02/2020 11:45,1.766
20/02/2020 11:50,1.734
20/02/2020 11:55,1.76
20/02/2020 12:00,1.738
20/02/2020 12:05,1.828
20/02/2020 12:10,1.966
20/02/2020 12:15,1.7
20/02/2020 12:20,1.734
20/02/2020 12:25,1.804
20/02/2020 12:30,1.7
20/02/2020 12:35,1.798
20/02/2020 12:40,1.994
20/02/2020 12:45,1.734
20/02/2020 12:50,1.766
20/02/2020 12:55,1.794
20/02/2020 13:00,1.798
20/02/2020 13:05,1.77
20/02/2020 13:10,1.964
20/02/2020 13:15,1.8
20/02/2020 13:20,1.734
20/02/2020 13:25,1.764
20/02/2020 13:30,1.764
20/02/2020 13:35,1.798
20/02/2020 13:40,1.994
20/02/2020 13:45,1.698
20/02/2020 13:50,1.806
20/02/2020 13:55,1.794
20/02/2020 14:00,1.772
20/02/2020 14:05,1.764
20/02/2020 14:10,1.966
20/02/2020 14:15,1.764
20/02/2020 14:20,1.898
20/02/2020 14:25,1.966
20/02/2020 14:30,2.026
20/02/2020 14:35,1.966
20/02/2020 14:40,2.176
20/02/2020 14:45,1.992
20/02/2020 14:50,2.006
20/02/2020 14:55,1.966
20/02/2020 15:00,2.1
20/02/2020 15:05,1.966
20/02/2020 15:10,2.032
20/02/2020 15:15,1.79
20/02/2020 15:20,1.738
20/02/2020 15:25,1.826
20/02/2020 15:30,1.798
20/02/2020 15:35,1.738
20/02/2020 15:40,2
20/02/2020 15:45,1.8
20/02/2020 15:50,1.734
20/02/2020 15:55,1.892
20/02/2020 16:00,1.706
20/02/2020 16:05,1.798
20/02/2020 16:10,1.966
20/02/2020 16:15,1.766
20/02/2020 16:20,1.734
20/02/2020 16:25,1.768
20/02/2020 16:30,1.732
20/02/2020 16:35,1.834
20/02/2020 16:40,1.928
20/02/2020 16:45,1.8
20/02/2020 16:50,1.694
20/02/2020 16:55,1.86
20/02/2020 17:00,1.7
20/02/2020 17:05,1.864
20/02/2020 17:10,1.936
20/02/2020 17:15,1.806
20/02/2020 17:20,1.766
20/02/2020 17:25,1.8
20/02/2020 17:30,1.79
20/02/2020 17:35,1.7
20/02/2020 17:40,1.942
20/02/2020 17:45,1.832
20/02/2020 17:50,1.766
20/02/2020 17:55,1.758
20/02/2020 18:00,1.806
20/02/2020 18:05,1.766
20/02/2020 18:10,1.93
20/02/2020 18:15,1.792
20/02/2020 18:20,1.804
20/02/2020 18:25,1.794
20/02/2020 18:30,1.8
20/02/2020 18:35,1.774
20/02/2020 18:40,2
20/02/2020 18:45,1.834
20/02/2020 18:50,1.832
20/02/2020 18:55,1.794
20/02/2020 19:00,1.806
20/02/2020 19:05,1.8
20/02/2020 19:10,1.996
20/02/2020 19:15,1.8
20/02/2020 19:20,1.832
20/02/2020 19:25,1.8
20/02/2020 19:30,1.894
20/02/2020 19:35,1.806
20/02/2020 19:40,2.066
20/02/2020 19:45,1.8
20/02/2020 19:50,1.832
20/02/2020 19:55,1.86
20/02/2020 20:00,1.806
20/02/2020 20:05,1.8
20/02/2020 20:10,2.034
20/02/2020 20:15,1.79
20/02/2020 20:20,1.906
20/02/2020 20:25,1.832
20/02/2020 20:30,1.894
20/02/2020 20:35,1.804
20/02/2020 20:40,2
20/02/2020 20:45,1.766
20/02/2020 20:50,1.828
20/02/2020 20:55,1.74
20/02/2020 21:00,1.766
20/02/2020 21:05,1.892
20/02/2020 21:10,1.872
20/02/2020 21:15,1.826
20/02/2020 21:20,1.74
20/02/2020 21:25,1.766
20/02/2020 21:30,1.762
20/02/2020 21:35,1.9
20/02/2020 21:40,1.906
20/02/2020 21:45,1.8
20/02/2020 21:50,1.8
20/02/2020 21:55,1.798
20/02/2020 22:00,1.734
20/02/2020 22:05,1.8
20/02/2020 22:10,2
20/02/2020 22:15,1.766
20/02/2020 22:20,1.7
20/02/2020 22:25,1.826
20/02/2020 22:30,1.772
20/02/2020 22:35,1.866
20/02/2020 22:40,1.99
20/02/2020 22:45,1.772
20/02/2020 22:50,1.826
20/02/2020 22:55,1.7
20/02/2020 23:00,1.866
20/02/2020 23:05,1.766
20/02/2020 23:10,1.972
20/02/2020 23:15,1.834
20/02/2020 23:20,1.868
20/02/2020 23:25,1.924
20/02/2020 23:30,1.794
20/02/2020 23:35,1.738
20/02/2020 23:40,2.056
20/02/2020 23:45,1.804
20/02/2020 23:50,1.8
20/02/2020 23:55,1.822
21/02/2020 00:00,1.84
21/02/2020 00:05,1.8
21/02/2020 00:10,2.062
21/02/2020 00:15,1.86
21/02/2020 00:20,1.806
21/02/2020 00:25,1.8
21/02/2020 00:30,1.866
21/02/2020 00:35,1.858
21/02/2020 00:40,2.032
21/02/2020 00:45,1.774
21/02/2020 00:50,1.8
21/02/2020 00:55,1.856
21/02/2020 01:00,1.962
21/02/2020 01:05,1.738
21/02/2020 01:10,1.964
21/02/2020 01:15,1.834
21/02/2020 01:20,1.792
21/02/2020 01:25,1.806
21/02/2020 01:30,1.8
21/02/2020 01:35,1.798
21/02/2020 01:40,1.992
21/02/2020 01:45,1.772
21/02/2020 01:50,1.734
21/02/2020 01:55,1.798
21/02/2020 02:00,1.832
21/02/2020 02:05,1.766
21/02/2020 02:10,2
21/02/2020 02:15,1.894
21/02/2020 02:20,1.772
21/02/2020 02:25,1.832
21/02/2020 02:30,1.798
21/02/2020 02:35,1.834
21/02/2020 02:40,2
21/02/2020 02:45,1.892
21/02/2020 02:50,1.704
21/02/2020 02:55,1.8
21/02/2020 03:00,1.894
21/02/2020 03:05,1.906
21/02/2020 03:10,1.998
21/02/2020 03:15,1.794
21/02/2020 03:20,1.772
21/02/2020 03:25,2.4
21/02/2020 03:30,1.892
21/02/2020 03:35,1.74
21/02/2020 03:40,2
21/02/2020 03:45,1.766
21/02/2020 03:50,1.864
21/02/2020 03:55,1.828
21/02/2020 04:00,1.772
21/02/2020 04:05,1.798
21/02/2020 04:10,2.026
21/02/2020 04:15,1.738
21/02/2020 04:20,1.924
21/02/2020 04:25,1.672
21/02/2020 04:30,1.866
21/02/2020 04:35,1.792
21/02/2020 04:40,2.032
21/02/2020 04:45,1.74
21/02/2020 04:50,1.834
21/02/2020 04:55,1.766
21/02/2020 05:00,1.892
21/02/2020 05:05,1.706
21/02/2020 05:10,2
21/02/2020 05:15,1.766
21/02/2020 05:20,1.866
21/02/2020 05:25,1.766
21/02/2020 05:30,1.8
21/02/2020 05:35,1.766
21/02/2020 05:40,2.02
21/02/2020 05:45,1.74
21/02/2020 05:50,1.734
21/02/2020 05:55,1.834
21/02/2020 06:00,1.8
21/02/2020 06:05,1.8
21/02/2020 06:10,1.93
21/02/2020 06:15,1.832
21/02/2020 06:20,1.732
21/02/2020 06:25,1.8
21/02/2020 06:30,1.826
21/02/2020 06:35,1.806
21/02/2020 06:40,1.93
21/02/2020 06:45,1.83
21/02/2020 06:50,1.756
21/02/2020 06:55,1.864
21/02/2020 07:00,1.762
21/02/2020 07:05,1.806
21/02/2020 07:10,1.964
21/02/2020 07:15,1.926
21/02/2020 07:20,1.666
21/02/2020 07:25,1.806
21/02/2020 07:30,1.826
21/02/2020 07:35,1.806
21/02/2020 07:40,1.992
21/02/2020 07:45,1.806
21/02/2020 07:50,1.766
21/02/2020 07:55,1.926
21/02/2020 08:00,1.764
21/02/2020 08:05,1.804
21/02/2020 08:10,2.03
21/02/2020 08:15,1.86
21/02/2020 08:20,1.772
21/02/2020 08:25,1.768
21/02/2020 08:30,1.866
21/02/2020 08:35,1.766
21/02/2020 08:40,2.058
21/02/2020 08:45,1.738
21/02/2020 08:50,1.834
21/02/2020 08:55,1.764
21/02/2020 09:00,1.928
21/02/2020 09:05,1.772
21/02/2020 09:10,1.99
21/02/2020 09:15,1.806
21/02/2020 09:20,1.8
21/02/2020 09:25,1.76
21/02/2020 09:30,1.864
21/02/2020 09:35,1.73
21/02/2020 09:40,2.066
21/02/2020 09:45,1.77
21/02/2020 09:50,1.8
21/02/2020 09:55,1.766
21/02/2020 10:00,1.834
21/02/2020 10:05,1.766
21/02/2020 10:10,1.93
21/02/2020 10:15,1.766
21/02/2020 10:20,1.766
21/02/2020 10:25,1.766
21/02/2020 10:30,1.766
21/02/2020 10:35,1.794
21/02/2020 10:40,1.902
21/02/2020 10:45,1.766
21/02/2020 10:50,1.706
21/02/2020 10:55,1.766
21/02/2020 11:00,1.8
21/02/2020 11:05,1.766
21/02/2020 11:10,1.934
21/02/2020 11:15,1.766
21/02/2020 11:20,1.828
21/02/2020 11:25,1.74
21/02/2020 11:30,1.766
21/02/2020 11:35,1.766
21/02/2020 11:40,1.994
21/02/2020 11:45,1.772
21/02/2020 11:50,1.8
21/02/2020 11:55,1.826
21/02/2020 12:00,1.772
21/02/2020 12:05,1.832
21/02/2020 12:10,1.998
21/02/2020 12:15,1.86
21/02/2020 12:20,1.74
21/02/2020 12:25,1.8
21/02/2020 12:30,1.8
21/02/2020 12:35,1.86
21/02/2020 12:40,1.974
21/02/2020 12:45,1.764
21/02/2020 12:50,1.796
21/02/2020 12:55,1.766
21/02/2020 13:00,1.96
21/02/2020 13:05,1.672
21/02/2020 13:10,1.958
21/02/2020 13:15,1.794
21/02/2020 13:20,1.772
21/02/2020 13:25,1.892
21/02/2020 13:30,1.832
21/02/2020 13:35,1.732
21/02/2020 13:40,2.006
21/02/2020 13:45,1.76
21/02/2020 13:50,1.806
21/02/2020 13:55,1.798
21/02/2020 14:00,1.866
21/02/2020 14:05,1.83
21/02/2020 14:10,2.03
21/02/2020 14:15,1.866
21/02/2020 14:20,1.798
21/02/2020 14:25,1.792
21/02/2020 14:30,1.832
21/02/2020 14:35,1.672
21/02/2020 14:40,1.994
21/02/2020 14:45,1.772
21/02/2020 14:50,1.858
21/02/2020 14:55,1.7
21/02/2020 15:00,1.966
21/02/2020 15:05,1.764
21/02/2020 15:10,1.94
21/02/2020 15:15,1.834
21/02/2020 15:20,1.732
21/02/2020 15:25,1.834
21/02/2020 15:30,1.76
21/02/2020 15:35,1.806
21/02/2020 15:40,1.966
21/02/2020 15:45,1.798
21/02/2020 15:50,1.732
21/02/2020 15:55,1.798
21/02/2020 16:00,1.828
21/02/2020 16:05,1.84
21/02/2020 16:10,1.932
21/02/2020 16:15,1.8
21/02/2020 16:20,1.766
21/02/2020 16:25,1.76
21/02/2020 16:30,1.866
21/02/2020 16:35,1.768
21/02/2020 16:40,1.872
21/02/2020 16:45,1.8
21/02/2020 16:50,1.728
21/02/2020 16:55,1.772
21/02/2020 17:00,1.86
21/02/2020 17:05,1.736
21/02/2020 17:10,1.934
21/02/2020 17:15,1.8
21/02/2020 17:20,1.728
21/02/2020 17:25,1.774
21/02/2020 17:30,1.796
21/02/2020 17:35,1.832
21/02/2020 17:40,2.024
21/02/2020 17:45,1.772
21/02/2020 17:50,1.8
21/02/2020 17:55,1.728
21/02/2020 18:00,1.866
21/02/2020 18:05,1.766
21/02/2020 18:10,1.994
21/02/2020 18:15,1.898
21/02/2020 18:20,1.8
21/02/2020 18:25,1.8
21/02/2020 18:30,1.806
21/02/2020 18:35,1.8
21/02/2020 18:40,2.066
21/02/2020 18:45,1.894
21/02/2020 18:50,1.738
21/02/2020 18:55,1.792
21/02/2020 19:00,1.796
21/02/2020 19:05,1.866
21/02/2020 19:10,1.906
21/02/2020 19:15,1.734
21/02/2020 19:20,1.792
21/02/2020 19:25,2.136
21/02/2020 19:30,1.9
21/02/2020 19:35,1.698
21/02/2020 19:40,1.972
21/02/2020 19:45,1.8
21/02/2020 19:50,1.76
21/02/2020 19:55,1.838
21/02/2020 20:00,1.83
21/02/2020 20:05,1.834
21/02/2020 20:10,1.968
21/02/2020 20:15,1.792
21/02/2020 20:20,1.8
21/02/2020 20:25,1.806
21/02/2020 20:30,1.798
21/02/2020 20:35,1.834
21/02/2020 20:40,1.966
21/02/2020 20:45,1.8
21/02/2020 20:50,1.766
21/02/2020 20:55,1.862
21/02/2020 21:00,1.9
21/02/2020 21:05,1.706
21/02/2020 21:10,1.966
21/02/2020 21:15,1.826
21/02/2020 21:20,1.77
21/02/2020 21:25,1.766
21/02/2020 21:30,1.794
21/02/2020 21:35,1.996
21/02/2020 21:40,1.902
21/02/2020 21:45,1.832
21/02/2020 21:50,1.796
21/02/2020 21:55,1.736
21/02/2020 22:00,1.794
21/02/2020 22:05,1.804
21/02/2020 22:10,2
21/02/2020 22:15,1.766
21/02/2020 22:20,1.864
21/02/2020 22:25,1.8
21/02/2020 22:30,1.834
21/02/2020 22:35,1.76
21/02/2020 22:40,2.004
21/02/2020 22:45,1.766
21/02/2020 22:50,1.8
21/02/2020 22:55,1.8
21/02/2020 23:00,1.866
21/02/2020 23:05,1.832
21/02/2020 23:10,2.12
21/02/2020 23:15,1.638
21/02/2020 23:20,1.8
21/02/2020 23:25,1.734
21/02/2020 23:30,1.86
21/02/2020 23:35,1.772
21/02/2020 23:40,1.994
21/02/2020 23:45,1.738
21/02/2020 23:50,1.832
21/02/2020 23:55,1.76
22/02/2020 00:00,1.894
22/02/2020 00:05,1.706
22/02/2020 00:10,2
22/02/2020 00:15,1.828
22/02/2020 00:20,1.806
22/02/2020 00:25,1.734
22/02/2020 00:30,1.798
22/02/2020 00:35,1.826
22/02/2020 00:40,2.004
22/02/2020 00:45,1.838
22/02/2020 00:50,1.766
22/02/2020 00:55,1.8
22/02/2020 01:00,1.826
22/02/2020 01:05,1.802
22/02/2020 01:10,1.966
22/02/2020 01:15,1.9
22/02/2020 01:20,1.826
22/02/2020 01:25,1.738
22/02/2020 01:30,1.834
22/02/2020 01:35,1.834
22/02/2020 01:40,1.96
22/02/2020 01:45,1.828
22/02/2020 01:50,1.8
22/02/2020 01:55,1.828
22/02/2020 02:00,1.804
22/02/2020 02:05,1.866
22/02/2020 02:10,2
22/02/2020 02:15,1.894
22/02/2020 02:20,1.806
22/02/2020 02:25,1.834
22/02/2020 02:30,1.8
22/02/2020 02:35,1.826
22/02/2020 02:40,2.034
22/02/2020 02:45,1.772
22/02/2020 02:50,1.8
22/02/2020 02:55,1.794
22/02/2020 03:00,1.866
22/02/2020 03:05,1.8
22/02/2020 03:10,2.638
22/02/2020 03:15,1.798
22/02/2020 03:20,1.928
22/02/2020 03:25,1.738
22/02/2020 03:30,1.934
22/02/2020 03:35,1.894
22/02/2020 03:40,1.938
22/02/2020 03:45,1.734
22/02/2020 03:50,1.828
22/02/2020 03:55,1.764
22/02/2020 04:00,1.834
22/02/2020 04:05,1.8
22/02/2020 04:10,2
22/02/2020 04:15,1.632
22/02/2020 04:20,1.806
22/02/2020 04:25,1.766
22/02/2020 04:30,1.8
22/02/2020 04:35,1.732
22/02/2020 04:40,2
22/02/2020 04:45,1.732
22/02/2020 04:50,1.798
22/02/2020 04:55,1.732
22/02/2020 05:00,1.834
22/02/2020 05:05,1.8
22/02/2020 05:10,1.934
22/02/2020 05:15,1.766
22/02/2020 05:20,1.794
22/02/2020 05:25,1.804
22/02/2020 05:30,1.8
22/02/2020 05:35,1.764
22/02/2020 05:40,1.96
22/02/2020 05:45,1.834
22/02/2020 05:50,1.76
22/02/2020 05:55,1.9
22/02/2020 06:00,1.704
22/02/2020 06:05,1.83
22/02/2020 06:10,1.966
22/02/2020 06:15,1.866
22/02/2020 06:20,1.766
22/02/2020 06:25,1.834
22/02/2020 06:30,1.8
22/02/2020 06:35,1.834
22/02/2020 06:40,1.966
22/02/2020 06:45,1.828
22/02/2020 06:50,1.772
22/02/2020 06:55,1.86
22/02/2020 07:00,1.838
22/02/2020 07:05,1.834
22/02/2020 07:10,2
22/02/2020 07:15,1.832
22/02/2020 07:20,1.794
22/02/2020 07:25,1.772
22/02/2020 07:30,1.864
22/02/2020 07:35,1.76
22/02/2020 07:40,2.066
22/02/2020 07:45,1.772
22/02/2020 07:50,1.834
22/02/2020 07:55,2.194
22/02/2020 08:00,1.866
22/02/2020 08:05,1.834
22/02/2020 08:10,1.84
22/02/2020 08:15,1.862
22/02/2020 08:20,1.736
22/02/2020 08:25,1.794
22/02/2020 08:30,1.802
22/02/2020 08:35,1.766
22/02/2020 08:40,2
22/02/2020 08:45,1.76
22/02/2020 08:50,1.8
22/02/2020 08:55,1.772
22/02/2020 09:00,1.866
22/02/2020 09:05,1.794
22/02/2020 09:10,1.972
22/02/2020 09:15,1.86
22/02/2020 09:20,1.766
22/02/2020 09:25,1.736
22/02/2020 09:30,1.89
22/02/2020 09:35,1.866
22/02/2020 09:40,1.908
22/02/2020 09:45,1.766
22/02/2020 09:50,1.798
22/02/2020 09:55,1.766
22/02/2020 10:00,1.796
22/02/2020 10:05,1.834
22/02/2020 10:10,1.972
22/02/2020 10:15,1.8
22/02/2020 10:20,1.8
22/02/2020 10:25,1.834
22/02/2020 10:30,1.764
22/02/2020 10:35,1.8
22/02/2020 10:40,1.996
22/02/2020 10:45,1.8
22/02/2020 10:50,1.826
22/02/2020 10:55,1.806
22/02/2020 11:00,1.766
22/02/2020 11:05,1.86
22/02/2020 11:10,1.974
22/02/2020 11:15,1.858
22/02/2020 11:20,1.766
22/02/2020 11:25,1.9
22/02/2020 11:30,1.704
22/02/2020 11:35,1.826
22/02/2020 11:40,1.942
22/02/2020 11:45,1.8
22/02/2020 11:50,1.8
22/02/2020 11:55,1.89
22/02/2020 12:00,1.798
22/02/2020 12:05,1.706
22/02/2020 12:10,2
22/02/2020 12:15,1.8
22/02/2020 12:20,1.894
22/02/2020 12:25,1.738
22/02/2020 12:30,1.798
22/02/2020 12:35,1.766
22/02/2020 12:40,1.994
22/02/2020 12:45,1.734
22/02/2020 12:50,1.828
22/02/2020 12:55,1.738
22/02/2020 13:00,1.866
22/02/2020 13:05,1.734
22/02/2020 13:10,2
22/02/2020 13:15,1.826
22/02/2020 13:20,1.77
22/02/2020 13:25,1.728
22/02/2020 13:30,1.8
22/02/2020 13:35,1.766
22/02/2020 13:40,2
22/02/2020 13:45,1.73
22/02/2020 13:50,1.8
22/02/2020 13:55,1.762
22/02/2020 14:00,1.872
22/02/2020 14:05,1.76
22/02/2020 14:10,2.006
22/02/2020 14:15,1.828
22/02/2020 14:20,1.8
22/02/2020 14:25,1.768
22/02/2020 14:30,1.926
22/02/2020 14:35,1.798
22/02/2020 14:40,1.906
22/02/2020 14:45,1.832
22/02/2020 14:50,1.766
22/02/2020 14:55,1.834
22/02/2020 15:00,1.83
22/02/2020 15:05,1.958
22/02/2020 15:10,1.874
22/02/2020 15:15,1.866
22/02/2020 15:20,1.762
22/02/2020 15:25,1.83
22/02/2020 15:30,1.834
22/02/2020 15:35,1.826
22/02/2020 15:40,2.006
22/02/2020 15:45,1.862
22/02/2020 15:50,1.866
22/02/2020 15:55,1.766
22/02/2020 16:00,1.868
22/02/2020 16:05,1.834
22/02/2020 16:10,2.026
22/02/2020 16:15,1.772
22/02/2020 16:20,1.766
22/02/2020 16:25,1.794
22/02/2020 16:30,1.838
22/02/2020 16:35,1.8
22/02/2020 16:40,1.994
22/02/2020 16:45,1.702
22/02/2020 16:50,1.766
22/02/2020 16:55,1.7
22/02/2020 17:00,1.892
22/02/2020 17:05,1.738
22/02/2020 17:10,1.966
22/02/2020 17:15,1.766
22/02/2020 17:20,1.794
22/02/2020 17:25,1.672
22/02/2020 17:30,1.826
22/02/2020 17:35,1.738
22/02/2020 17:40,1.966
22/02/2020 17:45,1.764
22/02/2020 17:50,1.794
22/02/2020 17:55,1.832
22/02/2020 18:00,1.772
22/02/2020 18:05,1.766
22/02/2020 18:10,2.122
22/02/2020 18:15,1.706
22/02/2020 18:20,1.832
22/02/2020 18:25,1.794
22/02/2020 18:30,1.772
22/02/2020 18:35,1.828
22/02/2020 18:40,2.004
22/02/2020 18:45,1.766
22/02/2020 18:50,1.894
22/02/2020 18:55,1.732
22/02/2020 19:00,1.838
22/02/2020 19:05,1.796
22/02/2020 19:10,2.064
22/02/2020 19:15,1.866
22/02/2020 19:20,1.766
22/02/2020 19:25,1.832
22/02/2020 19:30,1.8
22/02/2020 19:35,1.86
22/02/2020 19:40,1.972
22/02/2020 19:45,1.826
22/02/2020 19:50,1.898
22/02/2020 19:55,1.738
22/02/2020 20:00,1.834
22/02/2020 20:05,1.83
22/02/2020 20:10,2
22/02/2020 20:15,1.8
22/02/2020 20:20,1.836
22/02/2020 20:25,1.858
22/02/2020 20:30,1.866
22/02/2020 20:35,1.838
22/02/2020 20:40,2.06
22/02/2020 20:45,1.798
22/02/2020 20:50,1.772
22/02/2020 20:55,1.894
22/02/2020 21:00,1.802
22/02/2020 21:05,1.834
22/02/2020 21:10,2.03
22/02/2020 21:15,1.866
22/02/2020 21:20,1.8
22/02/2020 21:25,1.86
22/02/2020 21:30,1.8
22/02/2020 21:35,1.772
22/02/2020 21:40,2.094
22/02/2020 21:45,1.704
22/02/2020 21:50,1.828
22/02/2020 21:55,1.772
22/02/2020 22:00,1.86
22/02/2020 22:05,1.772
22/02/2020 22:10,2.06
22/02/2020 22:15,1.864
22/02/2020 22:20,1.734
22/02/2020 22:25,1.834
22/02/2020 22:30,1.896
22/02/2020 22:35,1.828
22/02/2020 22:40,1.974
22/02/2020 22:45,1.826
22/02/2020 22:50,1.772
22/02/2020 22:55,1.76
22/02/2020 23:00,1.9
22/02/2020 23:05,1.738
22/02/2020 23:10,2.03
22/02/2020 23:15,1.858
22/02/2020 23:20,1.738
22/02/2020 23:25,1.728
22/02/2020 23:30,1.872
22/02/2020 23:35,1.728
22/02/2020 23:40,1.974
22/02/2020 23:45,1.794
22/02/2020 23:50,1.738
22/02/2020 23:55,1.792
23/02/2020 00:00,1.826
23/02/2020 00:05,1.834
23/02/2020 00:10,2.042
23/02/2020 00:15,1.8
23/02/2020 00:20,1.826
23/02/2020 00:25,1.764
23/02/2020 00:30,1.738
23/02/2020 00:35,1.866
23/02/2020 00:40,1.96
23/02/2020 00:45,1.838
23/02/2020 00:50,1.828
23/02/2020 00:55,1.806
23/02/2020 01:00,1.83
23/02/2020 01:05,1.83
23/02/2020 01:10,2.028
23/02/2020 01:15,1.838
23/02/2020 01:20,1.862
23/02/2020 01:25,1.798
23/02/2020 01:30,1.86
23/02/2020 01:35,1.8
23/02/2020 01:40,2.004
23/02/2020 01:45,1.766
23/02/2020 01:50,1.806
23/02/2020 01:55,1.8
23/02/2020 02:00,1.894
23/02/2020 02:05,1.864
23/02/2020 02:10,2.028
23/02/2020 02:15,1.766
23/02/2020 02:20,1.9
23/02/2020 02:25,1.704
23/02/2020 02:30,1.892
23/02/2020 02:35,1.738
23/02/2020 02:40,2.034
23/02/2020 02:45,1.766
23/02/2020 02:50,1.8
23/02/2020 02:55,1.8
23/02/2020 03:00,1.832
23/02/2020 03:05,1.892
23/02/2020 03:10,2.65
23/02/2020 03:15,1.8
23/02/2020 03:20,1.828
23/02/2020 03:25,1.772
23/02/2020 03:30,1.832
23/02/2020 03:35,1.798
23/02/2020 03:40,2
23/02/2020 03:45,1.8
23/02/2020 03:50,1.834
23/02/2020 03:55,1.766
23/02/2020 04:00,1.9
23/02/2020 04:05,1.762
23/02/2020 04:10,2.136
23/02/2020 04:15,1.672
23/02/2020 04:20,1.826
23/02/2020 04:25,1.77
23/02/2020 04:30,1.8
23/02/2020 04:35,1.83
23/02/2020 04:40,1.966
23/02/2020 04:45,1.834
23/02/2020 04:50,1.766
23/02/2020 04:55,1.866
23/02/2020 05:00,1.864
23/02/2020 05:05,1.858
23/02/2020 05:10,1.972
23/02/2020 05:15,1.83
23/02/2020 05:20,1.766
23/02/2020 05:25,1.834
23/02/2020 05:30,1.86
23/02/2020 05:35,1.772
23/02/2020 05:40,1.96
23/02/2020 05:45,1.838
23/02/2020 05:50,1.764
23/02/2020 05:55,1.8
23/02/2020 06:00,1.866
23/02/2020 06:05,1.832
23/02/2020 06:10,1.96
23/02/2020 06:15,1.806
23/02/2020 06:20,1.732
23/02/2020 06:25,1.8
23/02/2020 06:30,1.8
23/02/2020 06:35,1.86
23/02/2020 06:40,1.872
23/02/2020 06:45,1.826
23/02/2020 06:50,1.808
23/02/2020 06:55,1.728
23/02/2020 07:00,1.874
23/02/2020 07:05,1.766
23/02/2020 07:10,2
23/02/2020 07:15,1.762
23/02/2020 07:20,1.806
23/02/2020 07:25,1.76
23/02/2020 07:30,1.838
23/02/2020 07:35,1.766
23/02/2020 07:40,2.094
23/02/2020 07:45,1.732
23/02/2020 07:50,1.806
23/02/2020 07:55,1.794
23/02/2020 08:00,1.838
23/02/2020 08:05,1.794
23/02/2020 08:10,2.002
23/02/2020 08:15,1.766
23/02/2020 08:20,1.83
23/02/2020 08:25,1.794
23/02/2020 08:30,1.866
23/02/2020 08:35,1.834
23/02/2020 08:40,2.146
23/02/2020 08:45,1.794
23/02/2020 08:50,1.806
23/02/2020 08:55,1.8
23/02/2020 09:00,1.866
23/02/2020 09:05,1.828
23/02/2020 09:10,1.996
23/02/2020 09:15,1.704
23/02/2020 09:20,1.794
23/02/2020 09:25,1.832
23/02/2020 09:30,1.736
23/02/2020 09:35,1.826
23/02/2020 09:40,1.972
23/02/2020 09:45,1.894
23/02/2020 09:50,1.704
23/02/2020 09:55,1.826
23/02/2020 10:00,1.866
23/02/2020 10:05,1.806
23/02/2020 10:10,1.932
23/02/2020 10:15,1.828
23/02/2020 10:20,1.766
23/02/2020 10:25,1.806
23/02/2020 10:30,1.794
23/02/2020 10:35,1.804
23/02/2020 10:40,1.962
23/02/2020 10:45,1.794
23/02/2020 10:50,1.734
23/02/2020 10:55,1.8
23/02/2020 11:00,1.8
23/02/2020 11:05,1.828
23/02/2020 11:10,1.904
23/02/2020 11:15,1.8
23/02/2020 11:20,1.732
23/02/2020 11:25,1.766
23/02/2020 11:30,1.826
23/02/2020 11:35,1.738
23/02/2020 11:40,2
23/02/2020 11:45,1.734
23/02/2020 11:50,1.8
23/02/2020 11:55,1.732
23/02/2020 12:00,1.894
23/02/2020 12:05,1.862
23/02/2020 12:10,1.904
23/02/2020 12:15,1.766
23/02/2020 12:20,1.83
23/02/2020 12:25,1.766
23/02/2020 12:30,1.832
23/02/2020 12:35,1.766
23/02/2020 12:40,2
23/02/2020 12:45,1.794
23/02/2020 12:50,1.804
23/02/2020 12:55,1.8
23/02/2020 13:00,1.894
23/02/2020 13:05,1.8
23/02/2020 13:10,2.032
23/02/2020 13:15,1.738
23/02/2020 13:20,1.826
23/02/2020 13:25,1.736
23/02/2020 13:30,1.86
23/02/2020 13:35,1.706
23/02/2020 13:40,1.994
23/02/2020 13:45,1.8
23/02/2020 13:50,1.702
23/02/2020 13:55,1.834
23/02/2020 14:00,1.794
23/02/2020 14:05,1.772
23/02/2020 14:10,1.964
23/02/2020 14:15,1.796
23/02/2020 14:20,1.806
23/02/2020 14:25,1.798
23/02/2020 14:30,1.8
23/02/2020 14:35,1.766
23/02/2020 14:40,2.06
23/02/2020 14:45,1.766
23/02/2020 14:50,1.738
23/02/2020 14:55,1.798
23/02/2020 15:00,1.83
23/02/2020 15:05,1.766
23/02/2020 15:10,1.96
23/02/2020 15:15,1.874
23/02/2020 15:20,1.8
23/02/2020 15:25,1.794
23/02/2020 15:30,1.806
23/02/2020 15:35,1.86
23/02/2020 15:40,1.936
23/02/2020 15:45,1.834
23/02/2020 15:50,1.8
23/02/2020 15:55,1.8
23/02/2020 16:00,1.834
23/02/2020 16:05,1.826
23/02/2020 16:10,1.972
23/02/2020 16:15,1.794
23/02/2020 16:20,1.9
23/02/2020 16:25,1.704
23/02/2020 16:30,1.866
23/02/2020 16:35,1.766
23/02/2020 16:40,2
23/02/2020 16:45,1.766
23/02/2020 16:50,1.958
23/02/2020 16:55,1.74
23/02/2020 17:00,1.998
23/02/2020 17:05,1.864
23/02/2020 17:10,2.094
23/02/2020 17:15,1.836
23/02/2020 17:20,1.828
23/02/2020 17:25,1.734
23/02/2020 17:30,1.828
23/02/2020 17:35,1.77
23/02/2020 17:40,2
23/02/2020 17:45,1.734
23/02/2020 17:50,1.8
23/02/2020 17:55,1.766
23/02/2020 18:00,1.794
23/02/2020 18:05,1.766
23/02/2020 18:10,1.972
23/02/2020 18:15,1.766
23/02/2020 18:20,1.798
23/02/2020 18:25,1.766
23/02/2020 18:30,1.766
23/02/2020 18:35,1.86
23/02/2020 18:40,1.908
23/02/2020 18:45,1.858
23/02/2020 18:50,1.732
23/02/2020 18:55,1.738
23/02/2020 19:00,1.796
23/02/2020 19:05,1.8
23/02/2020 19:10,1.966
23/02/2020 19:15,1.766
23/02/2020 19:20,1.794
23/02/2020 19:25,1.802
23/02/2020 19:30,1.8
23/02/2020 19:35,1.866
23/02/2020 19:40,1.99
23/02/2020 19:45,1.866
23/02/2020 19:50,1.706
23/02/2020 19:55,1.832
23/02/2020 20:00,1.8
23/02/2020 20:05,1.966
23/02/2020 20:10,1.966
23/02/2020 20:15,1.86
23/02/2020 20:20,1.872
23/02/2020 20:25,1.996
23/02/2020 20:30,2.124
23/02/2020 20:35,1.94
23/02/2020 20:40,2.2
23/02/2020 20:45,2.032
23/02/2020 20:50,1.966
23/02/2020 20:55,1.998
23/02/2020 21:00,2.092
23/02/2020 21:05,1.934
23/02/2020 21:10,2.364
23/02/2020 21:15,1.898
23/02/2020 21:20,2.032
23/02/2020 21:25,1.972
23/02/2020 21:30,2.06
23/02/2020 21:35,1.97
23/02/2020 21:40,2.198
23/02/2020 21:45,1.996
23/02/2020 21:50,2
23/02/2020 21:55,2
23/02/2020 22:00,2.066
23/02/2020 22:05,1.93
23/02/2020 22:10,2.198
23/02/2020 22:15,2.06
23/02/2020 22:20,1.972
23/02/2020 22:25,1.926
23/02/2020 22:30,2.006
23/02/2020 22:35,1.924
23/02/2020 22:40,2.11
23/02/2020 22:45,1.93
23/02/2020 22:50,1.958
23/02/2020 22:55,1.866
23/02/2020 23:00,1.962
23/02/2020 23:05,1.67
23/02/2020 23:10,2.028
23/02/2020 23:15,1.864
23/02/2020 23:20,1.732
23/02/2020 23:25,1.762
23/02/2020 23:30,1.772
23/02/2020 23:35,1.798
23/02/2020 23:40,2.024
23/02/2020 23:45,1.704
23/02/2020 23:50,1.766
23/02/2020 23:55,1.792
24/02/2020 00:00,1.806
24/02/2020 00:05,1.834
24/02/2020 00:10,1.934
24/02/2020 00:15,1.86
24/02/2020 00:20,1.806
24/02/2020 00:25,1.796
24/02/2020 00:30,1.798
24/02/2020 00:35,1.926
24/02/2020 00:40,1.904
24/02/2020 00:45,1.8
24/02/2020 00:50,1.798
24/02/2020 00:55,1.866
24/02/2020 01:00,1.828
24/02/2020 01:05,1.87
24/02/2020 01:10,2.028
24/02/2020 01:15,1.8
24/02/2020 01:20,1.798
24/02/2020 01:25,1.834
24/02/2020 01:30,1.928
24/02/2020 01:35,1.798
24/02/2020 01:40,2.07
24/02/2020 01:45,1.67
24/02/2020 01:50,1.892
24/02/2020 01:55,1.734
24/02/2020 02:00,1.9
24/02/2020 02:05,1.834
24/02/2020 02:10,2.158
24/02/2020 02:15,1.772
24/02/2020 02:20,1.828
24/02/2020 02:25,1.772
24/02/2020 02:30,1.866
24/02/2020 02:35,1.764
24/02/2020 02:40,2.06
24/02/2020 02:45,1.672
24/02/2020 02:50,1.832
24/02/2020 02:55,1.766
24/02/2020 03:00,1.866
24/02/2020 03:05,1.832
24/02/2020 03:10,2.1
24/02/2020 03:15,1.766
24/02/2020 03:20,1.8
24/02/2020 03:25,1.794
24/02/2020 03:30,1.866
24/02/2020 03:35,1.706
24/02/2020 03:40,2.6
24/02/2020 03:45,1.766
24/02/2020 03:50,1.8
24/02/2020 03:55,1.86
24/02/2020 04:00,1.806
24/02/2020 04:05,1.834
24/02/2020 04:10,1.962
24/02/2020 04:15,1.834
24/02/2020 04:20,1.766
24/02/2020 04:25,1.832
24/02/2020 04:30,1.832
24/02/2020 04:35,1.8
24/02/2020 04:40,1.966
24/02/2020 04:45,1.828
24/02/2020 04:50,1.738
24/02/2020 04:55,1.826
24/02/2020 05:00,1.874
24/02/2020 05:05,1.762
24/02/2020 05:10,2.026
24/02/2020 05:15,1.834
24/02/2020 05:20,1.732
24/02/2020 05:25,1.798
24/02/2020 05:30,1.834
24/02/2020 05:35,1.8
24/02/2020 05:40,1.998
24/02/2020 05:45,1.794
24/02/2020 05:50,1.77
24/02/2020 05:55,1.798
24/02/2020 06:00,1.83
24/02/2020 06:05,1.858
24/02/2020 06:10,1.942
24/02/2020 06:15,1.828
24/02/2020 06:20,1.772
24/02/2020 06:25,1.826
24/02/2020 06:30,1.868
24/02/2020 06:35,1.8
24/02/2020 06:40,2.01
24/02/2020 06:45,1.8
24/02/2020 06:50,1.862
24/02/2020 06:55,1.764
24/02/2020 07:00,1.732
24/02/2020 07:05,1.772
24/02/2020 07:10,1.966
24/02/2020 07:15,1.828
24/02/2020 07:20,1.738
24/02/2020 07:25,1.766
24/02/2020 07:30,1.832
24/02/2020 07:35,1.826
24/02/2020 07:40,1.938
24/02/2020 07:45,1.826
24/02/2020 07:50,1.738
24/02/2020 07:55,1.766
24/02/2020 08:00,1.956
24/02/2020 08:05,1.698
24/02/2020 08:10,1.998
24/02/2020 08:15,1.764
24/02/2020 08:20,1.864
24/02/2020 08:25,1.732
24/02/2020 08:30,1.77
24/02/2020 08:35,1.794
24/02/2020 08:40,1.936
24/02/2020 08:45,1.858
24/02/2020 08:50,1.798
24/02/2020 08:55,1.766
24/02/2020 09:00,1.838
24/02/2020 09:05,1.866
24/02/2020 09:10,1.966
24/02/2020 09:15,1.798
24/02/2020 09:20,1.798
24/02/2020 09:25,1.828
24/02/2020 09:30,1.772
24/02/2020 09:35,1.83
24/02/2020 09:40,1.966
24/02/2020 09:45,1.798
24/02/2020 09:50,1.792
24/02/2020 09:55,1.864
24/02/2020 10:00,1.706
24/02/2020 10:05,1.866
24/02/2020 10:10,1.932
24/02/2020 10:15,1.834
24/02/2020 10:20,1.8
24/02/2020 10:25,1.8
24/02/2020 10:30,1.768
24/02/2020 10:35,1.79
24/02/2020 10:40,2.01
24/02/2020 10:45,1.76
24/02/2020 10:50,1.806
24/02/2020 10:55,1.794
24/02/2020 11:00,1.84
24/02/2020 11:05,1.826
24/02/2020 11:10,1.974
24/02/2020 11:15,1.766
24/02/2020 11:20,1.826
24/02/2020 11:25,1.672
24/02/2020 11:30,1.86
24/02/2020 11:35,1.638
24/02/2020 11:40,1.998
24/02/2020 11:45,1.766
24/02/2020 11:50,1.8
24/02/2020 11:55,1.726
24/02/2020 12:00,1.802
24/02/2020 12:05,1.766
24/02/2020 12:10,2.09
24/02/2020 12:15,1.696
24/02/2020 12:20,1.738
24/02/2020 12:25,1.766
24/02/2020 12:30,1.832
24/02/2020 12:35,1.734
24/02/2020 12:40,2.056
24/02/2020 12:45,1.738
24/02/2020 12:50,1.8
24/02/2020 12:55,1.828
24/02/2020 13:00,1.838
24/02/2020 13:05,1.766
24/02/2020 13:10,1.964
24/02/2020 13:15,1.798
24/02/2020 13:20,1.764
24/02/2020 13:25,1.794
24/02/2020 13:30,1.866
24/02/2020 13:35,1.738
24/02/2020 13:40,1.932
24/02/2020 13:45,1.834
24/02/2020 13:50,1.8
24/02/2020 13:55,1.798
24/02/2020 14:00,1.834
24/02/2020 14:05,1.826
24/02/2020 14:10,1.934
24/02/2020 14:15,1.806
24/02/2020 14:20,1.794
24/02/2020 14:25,1.834
24/02/2020 14:30,1.806
24/02/2020 14:35,1.826
24/02/2020 14:40,1.942
24/02/2020 14:45,1.832
24/02/2020 14:50,1.86
24/02/2020 14:55,1.74
24/02/2020 15:00,1.926
24/02/2020 15:05,1.864
24/02/2020 15:10,1.904
24/02/2020 15:15,1.926
24/02/2020 15:20,1.766
24/02/2020 15:25,1.772
24/02/2020 15:30,1.834
24/02/2020 15:35,1.764
24/02/2020 15:40,2.03
24/02/2020 15:45,1.826
24/02/2020 15:50,1.736
24/02/2020 15:55,1.766
24/02/2020 16:00,1.834
24/02/2020 16:05,1.766
24/02/2020 16:10,1.99
24/02/2020 16:15,1.772
24/02/2020 16:20,1.86
24/02/2020 16:25,1.772
24/02/2020 16:30,1.794
24/02/2020 16:35,1.8
24/02/2020 16:40,1.938
24/02/2020 16:45,1.768
24/02/2020 16:50,1.802
24/02/2020 16:55,1.766
24/02/2020 17:00,1.834
24/02/2020 17:05,1.832
24/02/2020 17:10,2.062
24/02/2020 17:15,1.672
24/02/2020 17:20,1.794
24/02/2020 17:25,1.738
24/02/2020 17:30,1.834
24/02/2020 17:35,1.766
24/02/2020 17:40,1.964
24/02/2020 17:45,1.766
24/02/2020 17:50,1.826
24/02/2020 17:55,1.672
24/02/2020 18:00,1.76
24/02/2020 18:05,1.84
24/02/2020 18:10,1.932
24/02/2020 18:15,1.866
24/02/2020 18:20,1.8
24/02/2020 18:25,1.926
24/02/2020 18:30,1.704
24/02/2020 18:35,1.798
24/02/2020 18:40,1.958
24/02/2020 18:45,1.804
24/02/2020 18:50,1.798
24/02/2020 18:55,1.83
24/02/2020 19:00,1.834
24/02/2020 19:05,1.832
24/02/2020 19:10,2.032
24/02/2020 19:15,1.89
24/02/2020 19:20,1.8
24/02/2020 19:25,1.806
24/02/2020 19:30,1.834
24/02/2020 19:35,1.866
24/02/2020 19:40,1.964
24/02/2020 19:45,1.86
24/02/2020 19:50,1.772
24/02/2020 19:55,1.9
24/02/2020 20:00,1.832
24/02/2020 20:05,1.8
24/02/2020 20:10,2.022
24/02/2020 20:15,1.732
24/02/2020 20:20,1.874
24/02/2020 20:25,1.766
24/02/2020 20:30,1.866
24/02/2020 20:35,1.7
24/02/2020 20:40,2
24/02/2020 20:45,1.766
24/02/2020 20:50,1.834
24/02/2020 20:55,1.766
24/02/2020 21:00,1.832
24/02/2020 21:05,1.858
24/02/2020 21:10,1.974
24/02/2020 21:15,1.758
24/02/2020 21:20,1.806
24/02/2020 21:25,1.8
24/02/2020 21:30,1.834
24/02/2020 21:35,1.828
24/02/2020 21:40,1.968
24/02/2020 21:45,1.798
24/02/2020 21:50,1.766
24/02/2020 21:55,1.766
24/02/2020 22:00,1.866
24/02/2020 22:05,1.84
24/02/2020 22:10,2.066
24/02/2020 22:15,1.794
24/02/2020 22:20,1.77
24/02/2020 22:25,1.76
24/02/2020 22:30,1.862
24/02/2020 22:35,1.738
24/02/2020 22:40,1.994
24/02/2020 22:45,1.766
24/02/2020 22:50,1.766
24/02/2020 22:55,1.8
24/02/2020 23:00,1.806
24/02/2020 23:05,1.794
24/02/2020 23:10,1.938
24/02/2020 23:15,1.894
24/02/2020 23:20,1.698
24/02/2020 23:25,1.806
24/02/2020 23:30,1.892
24/02/2020 23:35,1.772
24/02/2020 23:40,1.994
24/02/2020 23:45,1.806
24/02/2020 23:50,1.768
24/02/2020 23:55,1.888
25/02/2020 00:00,1.766
25/02/2020 00:05,1.836
25/02/2020 00:10,2.028
25/02/2020 00:15,1.834
25/02/2020 00:20,1.86
25/02/2020 00:25,1.738
25/02/2020 00:30,1.764
25/02/2020 00:35,1.834
25/02/2020 00:40,1.966
25/02/2020 00:45,1.826
25/02/2020 00:50,1.738
25/02/2020 00:55,1.732
25/02/2020 01:00,2.058
25/02/2020 01:05,1.698
25/02/2020 01:10,2.03
25/02/2020 01:15,1.772
25/02/2020 01:20,1.792
25/02/2020 01:25,1.798
25/02/2020 01:30,1.806
25/02/2020 01:35,1.828
25/02/2020 01:40,1.972
25/02/2020 01:45,1.732
25/02/2020 01:50,1.924
25/02/2020 01:55,1.704
25/02/2020 02:00,1.9
25/02/2020 02:05,1.764
25/02/2020 02:10,2.03
25/02/2020 02:15,1.86
25/02/2020 02:20,1.872
25/02/2020 02:25,1.866
25/02/2020 02:30,1.832
25/02/2020 02:35,1.798
25/02/2020 02:40,2.066
25/02/2020 02:45,1.766
25/02/2020 02:50,1.834
25/02/2020 02:55,1.8
25/02/2020 03:00,1.898
25/02/2020 03:05,1.8
25/02/2020 03:10,2.03
25/02/2020 03:15,1.898
25/02/2020 03:20,1.832
25/02/2020 03:25,1.834
25/02/2020 03:30,1.834
25/02/2020 03:35,1.828
25/02/2020 03:40,2.576
25/02/2020 03:45,1.964
25/02/2020 03:50,1.664
25/02/2020 03:55,1.806
25/02/2020 04:00,1.86
25/02/2020 04:05,1.8
25/02/2020 04:10,2.006
25/02/2020 04:15,1.834
25/02/2020 04:20,1.8
25/02/2020 04:25,1.8
25/02/2020 04:30,1.926
25/02/2020 04:35,1.738
25/02/2020 04:40,1.93
25/02/2020 04:45,1.822
25/02/2020 04:50,1.706
25/02/2020 04:55,1.8
25/02/2020 05:00,1.8
25/02/2020 05:05,1.794
25/02/2020 05:10,1.932
25/02/2020 05:15,1.738
25/02/2020 05:20,1.766
25/02/2020 05:25,1.8
25/02/2020 05:30,1.826
25/02/2020 05:35,1.672
25/02/2020 05:40,2.09
25/02/2020 05:45,1.672
25/02/2020 05:50,1.8
25/02/2020 05:55,1.766
25/02/2020 06:00,1.86
25/02/2020 06:05,1.798
25/02/2020 06:10,1.934
25/02/2020 06:15,1.806
25/02/2020 06:20,1.832
25/02/2020 06:25,1.728
25/02/2020 06:30,1.84
25/02/2020 06:35,1.8
25/02/2020 06:40,2
25/02/2020 06:45,1.76
25/02/2020 06:50,1.8
25/02/2020 06:55,1.738
25/02/2020 07:00,1.866
25/02/2020 07:05,1.798
25/02/2020 07:10,1.992
25/02/2020 07:15,1.772
25/02/2020 07:20,1.794
25/02/2020 07:25,1.772
25/02/2020 07:30,1.834
25/02/2020 07:35,1.764
25/02/2020 07:40,2.126
25/02/2020 07:45,1.704
25/02/2020 07:50,1.834
25/02/2020 07:55,1.8
25/02/2020 08:00,1.8
25/02/2020 08:05,1.862
25/02/2020 08:10,2.126
25/02/2020 08:15,1.702
25/02/2020 08:20,1.8
25/02/2020 08:25,1.926
25/02/2020 08:30,1.734
25/02/2020 08:35,1.8
25/02/2020 08:40,1.976
25/02/2020 08:45,1.866
25/02/2020 08:50,1.826
25/02/2020 08:55,1.806
25/02/2020 09:00,1.796
25/02/2020 09:05,1.86
25/02/2020 09:10,2.01
25/02/2020 09:15,1.766
25/02/2020 09:20,1.8
25/02/2020 09:25,1.8
25/02/2020 09:30,1.766
25/02/2020 09:35,1.8
25/02/2020 09:40,1.958
25/02/2020 09:45,1.866
25/02/2020 09:50,1.706
25/02/2020 09:55,1.83
25/02/2020 10:00,1.766
25/02/2020 10:05,1.834
25/02/2020 10:10,1.93
25/02/2020 10:15,1.826
25/02/2020 10:20,1.74
25/02/2020 10:25,1.766
25/02/2020 10:30,1.8
25/02/2020 10:35,1.764
25/02/2020 10:40,2
25/02/2020 10:45,1.764
25/02/2020 10:50,1.766
25/02/2020 10:55,1.794
25/02/2020 11:00,1.806
25/02/2020 11:05,1.764
25/02/2020 11:10,2.032
25/02/2020 11:15,1.766
25/02/2020 11:20,1.86
25/02/2020 11:25,1.672
25/02/2020 11:30,1.834
25/02/2020 11:35,1.732
25/02/2020 11:40,2
25/02/2020 11:45,1.766
25/02/2020 11:50,1.8
25/02/2020 11:55,1.796
25/02/2020 12:00,1.832
25/02/2020 12:05,1.766
25/02/2020 12:10,2.024
25/02/2020 12:15,1.738
25/02/2020 12:20,1.834
25/02/2020 12:25,1.8
25/02/2020 12:30,1.866
25/02/2020 12:35,1.766
25/02/2020 12:40,1.934
25/02/2020 12:45,1.86
25/02/2020 12:50,1.738
25/02/2020 12:55,1.796
25/02/2020 13:00,1.866
25/02/2020 13:05,1.832
25/02/2020 13:10,1.96
25/02/2020 13:15,1.84
25/02/2020 13:20,1.8
25/02/2020 13:25,1.832
25/02/2020 13:30,1.856
25/02/2020 13:35,1.732
25/02/2020 13:40,2
25/02/2020 13:45,1.772
25/02/2020 13:50,1.76
25/02/2020 13:55,1.772
25/02/2020 14:00,1.864
25/02/2020 14:05,1.794
25/02/2020 14:10,2.034
25/02/2020 14:15,1.704
25/02/2020 14:20,1.766
25/02/2020 14:25,1.826
25/02/2020 14:30,1.834
25/02/2020 14:35,1.738
25/02/2020 14:40,1.96
25/02/2020 14:45,1.838
25/02/2020 14:50,1.766
25/02/2020 14:55,1.766
25/02/2020 15:00,1.866
25/02/2020 15:05,1.762
25/02/2020 15:10,2.032
25/02/2020 15:15,1.794
25/02/2020 15:20,1.838
25/02/2020 15:25,1.798
25/02/2020 15:30,1.858
25/02/2020 15:35,1.766
25/02/2020 15:40,2.04
25/02/2020 15:45,1.764
25/02/2020 15:50,1.832
25/02/2020 15:55,1.834
25/02/2020 16:00,1.834
25/02/2020 16:05,1.8
25/02/2020 16:10,2.034
25/02/2020 16:15,1.8
25/02/2020 16:20,1.832
25/02/2020 16:25,1.766
25/02/2020 16:30,1.834
25/02/2020 16:35,1.766
25/02/2020 16:40,1.994
25/02/2020 16:45,1.74
25/02/2020 16:50,1.834
25/02/2020 16:55,1.732
25/02/2020 17:00,1.832
25/02/2020 17:05,1.828
25/02/2020 17:10,2.042
25/02/2020 17:15,1.796
25/02/2020 17:20,1.8
25/02/2020 17:25,1.826
25/02/2020 17:30,1.738
25/02/2020 17:35,1.828
25/02/2020 17:40,2.026
25/02/2020 17:45,1.74
25/02/2020 17:50,1.826
25/02/2020 17:55,1.8
25/02/2020 18:00,1.772
25/02/2020 18:05,1.766
25/02/2020 18:10,1.93
25/02/2020 18:15,1.76
25/02/2020 18:20,1.738
25/02/2020 18:25,1.866
25/02/2020 18:30,1.766
25/02/2020 18:35,1.826
25/02/2020 18:40,1.934
25/02/2020 18:45,1.772
25/02/2020 18:50,1.766
25/02/2020 18:55,1.826
25/02/2020 19:00,1.738
25/02/2020 19:05,1.834
25/02/2020 19:10,1.994
25/02/2020 19:15,1.872
25/02/2020 19:20,1.726
25/02/2020 19:25,1.8
25/02/2020 19:30,1.804
25/02/2020 19:35,1.732
25/02/2020 19:40,2.034
25/02/2020 19:45,1.8
25/02/2020 19:50,1.798
25/02/2020 19:55,1.764
25/02/2020 20:00,1.858
25/02/2020 20:05,1.766
25/02/2020 20:10,2.006
25/02/2020 20:15,1.832
25/02/2020 20:20,1.86
25/02/2020 20:25,1.738
25/02/2020 20:30,1.862
25/02/2020 20:35,1.798
25/02/2020 20:40,1.94
25/02/2020 20:45,1.766
25/02/2020 20:50,1.8
25/02/2020 20:55,1.76
25/02/2020 21:00,1.872
25/02/2020 21:05,1.728
25/02/2020 21:10,2.036
25/02/2020 21:15,1.806
25/02/2020 21:20,1.89
25/02/2020 21:25,1.672
25/02/2020 21:30,1.894
25/02/2020 21:35,1.738
25/02/2020 21:40,1.962
25/02/2020 21:45,1.76
25/02/2020 21:50,1.84
25/02/2020 21:55,1.766
25/02/2020 22:00,1.826
25/02/2020 22:05,1.806
25/02/2020 22:10,2.058
25/02/2020 22:15,1.838
25/02/2020 22:20,1.826
25/02/2020 22:25,1.8
25/02/2020 22:30,1.706
25/02/2020 22:35,1.8
25/02/2020 22:40,1.966
25/02/2020 22:45,1.826
25/02/2020 22:50,1.8
25/02/2020 22:55,1.738
25/02/2020 23:00,1.89
25/02/2020 23:05,1.74
25/02/2020 23:10,2.024
25/02/2020 23:15,1.832
25/02/2020 23:20,1.738
25/02/2020 23:25,1.8
25/02/2020 23:30,1.766
25/02/2020 23:35,1.834
25/02/2020 23:40,1.996
25/02/2020 23:45,1.8
25/02/2020 23:50,1.86
25/02/2020 23:55,1.762
26/02/2020 00:00,1.8
26/02/2020 00:05,1.866
26/02/2020 00:10,2.058
26/02/2020 00:15,1.738
26/02/2020 00:20,1.834
26/02/2020 00:25,1.794
26/02/2020 00:30,1.898
26/02/2020 00:35,1.738
26/02/2020 00:40,2.092
26/02/2020 00:45,1.706
26/02/2020 00:50,1.832
26/02/2020 00:55,1.796
26/02/2020 01:00,1.866
26/02/2020 01:05,1.794
26/02/2020 01:10,2.042
26/02/2020 01:15,1.8
26/02/2020 01:20,1.892
26/02/2020 01:25,1.704
26/02/2020 01:30,1.866
26/02/2020 01:35,1.9
26/02/2020 01:40,2.032
26/02/2020 01:45,1.826
26/02/2020 01:50,1.74
26/02/2020 01:55,1.8
26/02/2020 02:00,1.866
26/02/2020 02:05,1.766
26/02/2020 02:10,2
26/02/2020 02:15,1.764
26/02/2020 02:20,1.866
26/02/2020 02:25,1.792
26/02/2020 02:30,1.832
26/02/2020 02:35,1.74
26/02/2020 02:40,2.032
26/02/2020 02:45,1.924
26/02/2020 02:50,1.732
26/02/2020 02:55,1.738
26/02/2020 03:00,1.798
26/02/2020 03:05,1.766
26/02/2020 03:10,1.966
26/02/2020 03:15,2.366
26/02/2020 03:20,1.798
26/02/2020 03:25,1.834
26/02/2020 03:30,1.8
26/02/2020 03:35,1.8
26/02/2020 03:40,1.964
26/02/2020 03:45,1.8
26/02/2020 03:50,1.766
26/02/2020 03:55,1.798
26/02/2020 04:00,1.79
26/02/2020 04:05,1.806
26/02/2020 04:10,1.966
26/02/2020 04:15,1.826
26/02/2020 04:20,1.706
26/02/2020 04:25,1.792
26/02/2020 04:30,1.806
26/02/2020 04:35,1.792
26/02/2020 04:40,2
26/02/2020 04:45,1.84
26/02/2020 04:50,1.794
26/02/2020 04:55,1.772
26/02/2020 05:00,1.866
26/02/2020 05:05,1.8
26/02/2020 05:10,2.028
26/02/2020 05:15,1.766
26/02/2020 05:20,1.828
26/02/2020 05:25,1.798
26/02/2020 05:30,1.9
26/02/2020 05:35,1.792
26/02/2020 05:40,1.974
26/02/2020 05:45,1.8
26/02/2020 05:50,1.86
26/02/2020 05:55,1.738
26/02/2020 06:00,1.9
26/02/2020 06:05,1.76
26/02/2020 06:10,2.036
26/02/2020 06:15,1.772
26/02/2020 06:20,1.832
26/02/2020 06:25,1.766
26/02/2020 06:30,1.866
26/02/2020 06:35,1.798
26/02/2020 06:40,1.996
26/02/2020 06:45,1.826
26/02/2020 06:50,1.772
26/02/2020 06:55,1.76
26/02/2020 07:00,1.872
26/02/2020 07:05,1.766
26/02/2020 07:10,2.194
26/02/2020 07:15,1.766
26/02/2020 07:20,1.732
26/02/2020 07:25,1.766
26/02/2020 07:30,1.768
26/02/2020 07:35,1.826
26/02/2020 07:40,1.906
26/02/2020 07:45,1.766
26/02/2020 07:50,1.766
26/02/2020 07:55,1.8
26/02/2020 08:00,1.79
26/02/2020 08:05,1.798
26/02/2020 08:10,2.002
26/02/2020 08:15,1.736
26/02/2020 08:20,1.76
26/02/2020 08:25,1.738
26/02/2020 08:30,1.766
26/02/2020 08:35,1.766
26/02/2020 08:40,2
26/02/2020 08:45,1.766
26/02/2020 08:50,1.86
26/02/2020 08:55,1.74
26/02/2020 09:00,1.86
26/02/2020 09:05,1.704
26/02/2020 09:10,1.96
26/02/2020 09:15,1.772
26/02/2020 09:20,1.734
26/02/2020 09:25,1.794
26/02/2020 09:30,1.8
26/02/2020 09:35,1.74
26/02/2020 09:40,1.996
26/02/2020 09:45,1.892
26/02/2020 09:50,1.672
26/02/2020 09:55,1.798
26/02/2020 10:00,1.864
26/02/2020 10:05,1.766
26/02/2020 10:10,2
26/02/2020 10:15,1.8
26/02/2020 10:20,1.828
26/02/2020 10:25,1.802
26/02/2020 10:30,1.866
26/02/2020 10:35,1.8
26/02/2020 10:40,2.068
26/02/2020 10:45,1.702
26/02/2020 10:50,1.892
26/02/2020 10:55,1.738
26/02/2020 11:00,1.866
26/02/2020 11:05,1.832
26/02/2020 11:10,1.998
26/02/2020 11:15,1.8
26/02/2020 11:20,1.798
26/02/2020 11:25,1.8
26/02/2020 11:30,1.866
26/02/2020 11:35,1.792
26/02/2020 11:40,1.976
26/02/2020 11:45,1.8
26/02/2020 11:50,1.76
26/02/2020 11:55,1.8
26/02/2020 12:00,1.772
26/02/2020 12:05,1.798
26/02/2020 12:10,1.934
26/02/2020 12:15,1.798
26/02/2020 12:20,1.8
26/02/2020 12:25,1.858
26/02/2020 12:30,1.732
26/02/2020 12:35,1.772
26/02/2020 12:40,1.934
26/02/2020 12:45,1.762
26/02/2020 12:50,1.8
26/02/2020 12:55,1.672
26/02/2020 13:00,1.826
26/02/2020 13:05,1.738
26/02/2020 13:10,1.934
26/02/2020 13:15,1.8
26/02/2020 13:20,1.734
26/02/2020 13:25,1.766
26/02/2020 13:30,1.766
26/02/2020 13:35,1.858
26/02/2020 13:40,1.9
26/02/2020 13:45,1.738
26/02/2020 13:50,1.734
26/02/2020 13:55,1.8
26/02/2020 14:00,1.826
26/02/2020 14:05,1.806
26/02/2020 14:10,1.96
26/02/2020 14:15,1.772
26/02/2020 14:20,1.832
26/02/2020 14:25,1.766
26/02/2020 14:30,1.894
26/02/2020 14:35,1.738
26/02/2020 14:40,1.998
26/02/2020 14:45,1.76
26/02/2020 14:50,1.804
26/02/2020 14:55,1.826
26/02/2020 15:00,1.8
26/02/2020 15:05,1.806
26/02/2020 15:10,1.998
26/02/2020 15:15,1.83
26/02/2020 15:20,1.8
26/02/2020 15:25,1.798
26/02/2020 15:30,1.866
26/02/2020 15:35,1.766
26/02/2020 15:40,2.066
26/02/2020 15:45,1.766
26/02/2020 15:50,1.894
26/02/2020 15:55,1.74
26/02/2020 16:00,1.992
26/02/2020 16:05,1.798
26/02/2020 16:10,1.908
26/02/2020 16:15,1.766
26/02/2020 16:20,1.798
26/02/2020 16:25,1.764
26/02/2020 16:30,1.834
26/02/2020 16:35,1.766
26/02/2020 16:40,1.96
26/02/2020 16:45,1.806
26/02/2020 16:50,1.798
26/02/2020 16:55,1.8
26/02/2020 17:00,1.826
26/02/2020 17:05,1.77
26/02/2020 17:10,1.966
26/02/2020 17:15,1.8
26/02/2020 17:20,1.766
26/02/2020 17:25,1.798
26/02/2020 17:30,1.766
26/02/2020 17:35,1.892
26/02/2020 17:40,1.872
26/02/2020 17:45,1.83
26/02/2020 17:50,1.794
26/02/2020 17:55,1.772
26/02/2020 18:00,1.826
26/02/2020 18:05,1.83
26/02/2020 18:10,1.904
26/02/2020 18:15,1.832
26/02/2020 18:20,1.766
26/02/2020 18:25,1.796
26/02/2020 18:30,1.8
26/02/2020 18:35,1.826
26/02/2020 18:40,1.906
26/02/2020 18:45,1.794
26/02/2020 18:50,1.772
26/02/2020 18:55,1.766
26/02/2020 19:00,1.866
26/02/2020 19:05,1.794
26/02/2020 19:10,1.972
26/02/2020 19:15,1.766
26/02/2020 19:20,1.8
26/02/2020 19:25,1.832
26/02/2020 19:30,1.864
26/02/2020 19:35,1.764
26/02/2020 19:40,2.088
26/02/2020 19:45,1.77
26/02/2020 19:50,1.834
26/02/2020 19:55,1.76
26/02/2020 20:00,1.904
26/02/2020 20:05,1.824
26/02/2020 20:10,1.998
26/02/2020 20:15,1.772
26/02/2020 20:20,1.866
26/02/2020 20:25,1.766
26/02/2020 20:30,1.868
26/02/2020 20:35,1.762
26/02/2020 20:40,2.066
26/02/2020 20:45,1.636
26/02/2020 20:50,1.8
26/02/2020 20:55,1.756
26/02/2020 21:00,1.84
26/02/2020 21:05,1.794
26/02/2020 21:10,1.938
26/02/2020 21:15,1.798
26/02/2020 21:20,1.766
26/02/2020 21:25,1.824
26/02/2020 21:30,1.84
26/02/2020 21:35,1.832
26/02/2020 21:40,1.928
26/02/2020 21:45,1.828
26/02/2020 21:50,1.766
26/02/2020 21:55,1.798
26/02/2020 22:00,1.924
26/02/2020 22:05,1.738
26/02/2020 22:10,1.966
26/02/2020 22:15,1.826
26/02/2020 22:20,1.774
26/02/2020 22:25,1.8
26/02/2020 22:30,1.798
26/02/2020 22:35,1.832
26/02/2020 22:40,1.966
26/02/2020 22:45,1.894
26/02/2020 22:50,1.706
26/02/2020 22:55,1.794
26/02/2020 23:00,1.806
26/02/2020 23:05,1.892
26/02/2020 23:10,1.942
26/02/2020 23:15,1.762
26/02/2020 23:20,1.766
26/02/2020 23:25,1.858
26/02/2020 23:30,1.706
26/02/2020 23:35,1.766
26/02/2020 23:40,1.994
26/02/2020 23:45,1.706
26/02/2020 23:50,1.798
26/02/2020 23:55,1.794
27/02/2020 00:00,1.838
27/02/2020 00:05,1.826
27/02/2020 00:10,1.974
27/02/2020 00:15,1.73
27/02/2020 00:20,1.8
27/02/2020 00:25,1.794
27/02/2020 00:30,1.874
27/02/2020 00:35,1.766
27/02/2020 00:40,2.06
27/02/2020 00:45,1.772
27/02/2020 00:50,1.864
27/02/2020 00:55,1.73
27/02/2020 01:00,1.898
27/02/2020 01:05,1.766
27/02/2020 01:10,2.028
27/02/2020 01:15,1.798
27/02/2020 01:20,1.706
27/02/2020 01:25,1.76
27/02/2020 01:30,1.806
27/02/2020 01:35,1.764
27/02/2020 01:40,2
27/02/2020 01:45,1.766
27/02/2020 01:50,1.832
27/02/2020 01:55,1.798
27/02/2020 02:00,1.866
27/02/2020 02:05,1.832
27/02/2020 02:10,1.966
27/02/2020 02:15,1.834
27/02/2020 02:20,1.766
27/02/2020 02:25,1.86
27/02/2020 02:30,1.772
27/02/2020 02:35,1.826
27/02/2020 02:40,1.942
27/02/2020 02:45,1.826
27/02/2020 02:50,1.768
27/02/2020 02:55,1.84
27/02/2020 03:00,1.86
27/02/2020 03:05,1.772
27/02/2020 03:10,2
27/02/2020 03:15,2.466
27/02/2020 03:20,1.766
27/02/2020 03:25,1.8
27/02/2020 03:30,1.834
27/02/2020 03:35,1.826
27/02/2020 03:40,1.976
27/02/2020 03:45,1.834
27/02/2020 03:50,1.762
27/02/2020 03:55,1.832
27/02/2020 04:00,1.834
27/02/2020 04:05,1.866
27/02/2020 04:10,2
27/02/2020 04:15,1.832
27/02/2020 04:20,1.83
27/02/2020 04:25,1.798
27/02/2020 04:30,1.866
27/02/2020 04:35,1.794
27/02/2020 04:40,2.04
27/02/2020 04:45,1.834
27/02/2020 04:50,1.894
27/02/2020 04:55,1.672
27/02/2020 05:00,1.9
27/02/2020 05:05,1.766
27/02/2020 05:10,2.034
27/02/2020 05:15,1.824
27/02/2020 05:20,1.87
27/02/2020 05:25,1.832
27/02/2020 05:30,1.83
27/02/2020 05:35,1.766
27/02/2020 05:40,1.998
27/02/2020 05:45,1.73
27/02/2020 05:50,1.764
27/02/2020 05:55,1.732
27/02/2020 06:00,1.894
27/02/2020 06:05,1.64
27/02/2020 06:10,1.966
27/02/2020 06:15,1.76
27/02/2020 06:20,1.8
27/02/2020 06:25,1.738
27/02/2020 06:30,1.8
27/02/2020 06:35,1.698
27/02/2020 06:40,1.966
27/02/2020 06:45,1.732
27/02/2020 06:50,1.76
27/02/2020 06:55,1.806
27/02/2020 07:00,1.766
27/02/2020 07:05,1.826
27/02/2020 07:10,2.006
27/02/2020 07:15,1.9
27/02/2020 07:20,1.862
27/02/2020 07:25,1.792
27/02/2020 07:30,1.806
27/02/2020 07:35,1.83
27/02/2020 07:40,2.03
27/02/2020 07:45,1.826
27/02/2020 07:50,1.772
27/02/2020 07:55,1.832
27/02/2020 08:00,1.834
27/02/2020 08:05,1.832
27/02/2020 08:10,1.964
27/02/2020 08:15,1.834
27/02/2020 08:20,1.766
27/02/2020 08:25,1.826
27/02/2020 08:30,1.806
27/02/2020 08:35,1.8
27/02/2020 08:40,2.028
27/02/2020 08:45,1.826
27/02/2020 08:50,1.772
27/02/2020 08:55,1.89
27/02/2020 09:00,1.806
27/02/2020 09:05,1.766
27/02/2020 09:10,2.098
27/02/2020 09:15,1.8
27/02/2020 09:20,1.828
27/02/2020 09:25,1.766
27/02/2020 09:30,1.872
27/02/2020 09:35,1.766
27/02/2020 09:40,2.094
27/02/2020 09:45,1.706
27/02/2020 09:50,1.76
27/02/2020 09:55,1.772
27/02/2020 10:00,1.864
27/02/2020 10:05,1.766
27/02/2020 10:10,2.034
27/02/2020 10:15,1.732
27/02/2020 10:20,1.766
27/02/2020 10:25,1.734
27/02/2020 10:30,1.894
27/02/2020 10:35,1.672
27/02/2020 10:40,1.962
27/02/2020 10:45,1.734
27/02/2020 10:50,1.74
27/02/2020 10:55,1.766
27/02/2020 11:00,1.826
27/02/2020 11:05,1.706
27/02/2020 11:10,1.966
27/02/2020 11:15,1.76
27/02/2020 11:20,1.772
27/02/2020 11:25,1.792
27/02/2020 11:30,1.772
27/02/2020 11:35,1.766
27/02/2020 11:40,1.896
27/02/2020 11:45,1.83
27/02/2020 11:50,1.732
27/02/2020 11:55,1.8
27/02/2020 12:00,1.892
27/02/2020 12:05,1.706
27/02/2020 12:10,2.09
27/02/2020 12:15,1.804
27/02/2020 12:20,1.76
27/02/2020 12:25,1.806
27/02/2020 12:30,1.832
27/02/2020 12:35,1.832
27/02/2020 12:40,1.966
27/02/2020 12:45,1.826
27/02/2020 12:50,1.772
27/02/2020 12:55,1.794
27/02/2020 13:00,1.84
27/02/2020 13:05,1.834
27/02/2020 13:10,2
27/02/2020 13:15,1.866
27/02/2020 13:20,1.762
27/02/2020 13:25,1.8
27/02/2020 13:30,1.832
27/02/2020 13:35,1.8
27/02/2020 13:40,2.06
27/02/2020 13:45,1.766
27/02/2020 13:50,1.84
27/02/2020 13:55,1.834
27/02/2020 14:00,1.934
27/02/2020 14:05,1.832
27/02/2020 14:10,2.032
27/02/2020 14:15,1.76
27/02/2020 14:20,1.806
27/02/2020 14:25,1.76
27/02/2020 14:30,1.804
27/02/2020 14:35,1.76
27/02/2020 14:40,2.042
27/02/2020 14:45,1.76
27/02/2020 14:50,1.9
27/02/2020 14:55,1.706
27/02/2020 15:00,1.892
27/02/2020 15:05,1.702
27/02/2020 15:10,2
27/02/2020 15:15,1.832
27/02/2020 15:20,1.834
27/02/2020 15:25,1.8
27/02/2020 15:30,1.798
27/02/2020 15:35,1.766
27/02/2020 15:40,2.124
27/02/2020 15:45,1.64
27/02/2020 15:50,1.86
27/02/2020 15:55,1.706
27/02/2020 16:00,1.832
27/02/2020 16:05,1.864
27/02/2020 16:10,1.966
27/02/2020 16:15,1.8
27/02/2020 16:20,1.734
27/02/2020 16:25,1.8
27/02/2020 16:30,1.766
27/02/2020 16:35,1.798
27/02/2020 16:40,1.922
27/02/2020 16:45,1.806
27/02/2020 16:50,1.766
27/02/2020 16:55,1.794
27/02/2020 17:00,1.806
27/02/2020 17:05,1.8
27/02/2020 17:10,1.966
27/02/2020 17:15,1.89
27/02/2020 17:20,1.764
27/02/2020 17:25,1.834
27/02/2020 17:30,1.798
27/02/2020 17:35,1.834
27/02/2020 17:40,2
27/02/2020 17:45,1.826
27/02/2020 17:50,1.738
27/02/2020 17:55,1.83
27/02/2020 18:00,1.832
27/02/2020 18:05,1.824
27/02/2020 18:10,1.936
27/02/2020 18:15,1.906
27/02/2020 18:20,1.832
27/02/2020 18:25,1.766
27/02/2020 18:30,1.898
27/02/2020 18:35,1.9
27/02/2020 18:40,1.994
27/02/2020 18:45,1.766
27/02/2020 18:50,1.8
27/02/2020 18:55,1.824
27/02/2020 19:00,1.806
27/02/2020 19:05,1.726
27/02/2020 19:10,2.008
27/02/2020 19:15,1.766
27/02/2020 19:20,1.8
27/02/2020 19:25,1.76
27/02/2020 19:30,1.866
27/02/2020 19:35,1.806
27/02/2020 19:40,2.06
27/02/2020 19:45,1.704
27/02/2020 19:50,1.8
27/02/2020 19:55,1.766
27/02/2020 20:00,1.86
27/02/2020 20:05,1.832
27/02/2020 20:10,1.908
27/02/2020 20:15,1.766
27/02/2020 20:20,1.8
27/02/2020 20:25,1.726
27/02/2020 20:30,1.94
27/02/2020 20:35,1.926
27/02/2020 20:40,1.868
27/02/2020 20:45,1.806
27/02/2020 20:50,1.826
27/02/2020 20:55,1.706
27/02/2020 21:00,1.954
27/02/2020 21:05,1.772
27/02/2020 21:10,1.996
27/02/2020 21:15,1.826
27/02/2020 21:20,1.738
27/02/2020 21:25,1.832
27/02/2020 21:30,1.798
27/02/2020 21:35,1.8
27/02/2020 21:40,1.934
27/02/2020 21:45,1.83
27/02/2020 21:50,1.732
27/02/2020 21:55,1.828
27/02/2020 22:00,1.806
27/02/2020 22:05,1.832
27/02/2020 22:10,2.126
27/02/2020 22:15,1.774
27/02/2020 22:20,1.8
27/02/2020 22:25,1.8
27/02/2020 22:30,1.76
27/02/2020 22:35,1.84
27/02/2020 22:40,2.024
27/02/2020 22:45,1.74
27/02/2020 22:50,1.8
27/02/2020 22:55,1.834
27/02/2020 23:00,1.834
27/02/2020 23:05,1.826
27/02/2020 23:10,2.01
27/02/2020 23:15,1.732
27/02/2020 23:20,1.794
27/02/2020 23:25,1.772
27/02/2020 23:30,1.894
27/02/2020 23:35,1.704
27/02/2020 23:40,1.992
27/02/2020 23:45,1.704
27/02/2020 23:50,1.8
27/02/2020 23:55,1.762
28/02/2020 00:00,1.834
28/02/2020 00:05,1.834
28/02/2020 00:10,1.996
28/02/2020 00:15,1.732
28/02/2020 00:20,1.798
28/02/2020 00:25,1.794
28/02/2020 00:30,1.772
28/02/2020 00:35,1.79
28/02/2020 00:40,1.908
28/02/2020 00:45,1.792
28/02/2020 00:50,1.832
28/02/2020 00:55,1.704
28/02/2020 01:00,1.856
28/02/2020 01:05,1.772
28/02/2020 01:10,2.06
28/02/2020 01:15,1.7
28/02/2020 01:20,1.772
28/02/2020 01:25,1.932
28/02/2020 01:30,1.832
28/02/2020 01:35,1.8
28/02/2020 01:40,2.022
28/02/2020 01:45,1.806
28/02/2020 01:50,1.766
28/02/2020 01:55,1.794
28/02/2020 02:00,1.806
28/02/2020 02:05,1.826
28/02/2020 02:10,2.13
28/02/2020 02:15,1.798
28/02/2020 02:20,1.806
28/02/2020 02:25,1.86
28/02/2020 02:30,1.772
28/02/2020 02:35,1.8
28/02/2020 02:40,1.966
28/02/2020 02:45,1.9
28/02/2020 02:50,1.766
28/02/2020 02:55,1.832
28/02/2020 03:00,1.798
28/02/2020 03:05,1.8
28/02/2020 03:10,1.996
28/02/2020 03:15,1.858
28/02/2020 03:20,1.798
28/02/2020 03:25,1.804
28/02/2020 03:30,1.828
28/02/2020 03:35,2.488
28/02/2020 03:40,1.942
28/02/2020 03:45,1.734
28/02/2020 03:50,1.798
28/02/2020 03:55,1.766
28/02/2020 04:00,1.866
28/02/2020 04:05,1.73
28/02/2020 04:10,2.024
28/02/2020 04:15,1.706
28/02/2020 04:20,1.832
28/02/2020 04:25,1.694
28/02/2020 04:30,1.832
28/02/2020 04:35,1.796
28/02/2020 04:40,1.9
28/02/2020 04:45,1.772
28/02/2020 04:50,1.798
28/02/2020 04:55,1.766
28/02/2020 05:00,1.86
28/02/2020 05:05,1.704
28/02/2020 05:10,1.996
28/02/2020 05:15,1.764
28/02/2020 05:20,1.86
28/02/2020 05:25,1.67
28/02/2020 05:30,1.864
28/02/2020 05:35,1.764
28/02/2020 05:40,1.996
28/02/2020 05:45,1.8
28/02/2020 05:50,1.8
28/02/2020 05:55,1.794
28/02/2020 06:00,1.806
28/02/2020 06:05,1.8
28/02/2020 06:10,1.934
28/02/2020 06:15,1.8
28/02/2020 06:20,1.766
28/02/2020 06:25,1.826
28/02/2020 06:30,1.77
28/02/2020 06:35,1.834
28/02/2020 06:40,1.956
28/02/2020 06:45,1.804
28/02/2020 06:50,1.766
28/02/2020 06:55,1.8
28/02/2020 07:00,1.792
28/02/2020 07:05,1.772
28/02/2020 07:10,2.056
28/02/2020 07:15,1.704
28/02/2020 07:20,1.766
28/02/2020 07:25,1.828
28/02/2020 07:30,1.732
28/02/2020 07:35,1.806
28/02/2020 07:40,1.964
28/02/2020 07:45,1.794
28/02/2020 07:50,1.668
28/02/2020 07:55,1.796
28/02/2020 08:00,1.698
28/02/2020 08:05,1.73
28/02/2020 08:10,1.928
28/02/2020 08:15,1.734
28/02/2020 08:20,1.734
28/02/2020 08:25,1.8
28/02/2020 08:30,1.772
28/02/2020 08:35,1.698
28/02/2020 08:40,1.9
28/02/2020 08:45,1.73
28/02/2020 08:50,1.732
28/02/2020 08:55,1.7
28/02/2020 09:00,1.8
28/02/2020 09:05,1.732
28/02/2020 09:10,1.966
28/02/2020 09:15,1.732
28/02/2020 09:20,1.764
28/02/2020 09:25,1.792
28/02/2020 09:30,1.73
28/02/2020 09:35,1.704
28/02/2020 09:40,1.996
28/02/2020 09:45,1.732
28/02/2020 09:50,1.766
28/02/2020 09:55,1.764
28/02/2020 10:00,1.798
28/02/2020 10:05,1.768
28/02/2020 10:10,1.994
28/02/2020 10:15,1.766
28/02/2020 10:20,1.772
28/02/2020 10:25,1.794
28/02/2020 10:30,1.9
28/02/2020 10:35,1.67
28/02/2020 10:40,1.956
28/02/2020 10:45,1.838
28/02/2020 10:50,1.768
28/02/2020 10:55,1.834
28/02/2020 11:00,1.768
28/02/2020 11:05,1.834
28/02/2020 11:10,1.966
28/02/2020 11:15,1.798
28/02/2020 11:20,1.764
28/02/2020 11:25,1.764
28/02/2020 11:30,1.764
28/02/2020 11:35,1.796
28/02/2020 11:40,1.962
28/02/2020 11:45,1.808
28/02/2020 11:50,1.766
28/02/2020 11:55,1.8
28/02/2020 12:00,1.832
28/02/2020 12:05,1.794
28/02/2020 12:10,1.918
28/02/2020 12:15,1.87
28/02/2020 12:20,1.76
28/02/2020 12:25,1.766
28/02/2020 12:30,1.7
28/02/2020 12:35,1.806
28/02/2020 12:40,1.926
28/02/2020 12:45,1.806
28/02/2020 12:50,1.734
28/02/2020 12:55,1.732
28/02/2020 13:00,1.762
28/02/2020 13:05,1.764
28/02/2020 13:10,1.992
28/02/2020 13:15,1.732
28/02/2020 13:20,1.806
28/02/2020 13:25,1.732
28/02/2020 13:30,1.794
28/02/2020 13:35,1.774
28/02/2020 13:40,1.966
28/02/2020 13:45,1.826
28/02/2020 13:50,1.704
28/02/2020 13:55,1.792
28/02/2020 14:00,1.704
28/02/2020 14:05,1.762
28/02/2020 14:10,1.972
28/02/2020 14:15,1.732
28/02/2020 14:20,1.824
28/02/2020 14:25,1.766